jds,mags
2458423.811,12.90184698
2458424.799,12.82059467
2458425.809,12.93579315
2458426.797,12.96589954
2458428.804,13.02695582
2458430.902,12.94707084
2458431.8,13.02978838
2458432.784,12.87954568
2458433.891,12.75298304
2458434.804,12.95704195
2458435.771,12.82624566
2458437.773,12.89771953
2458439.754,12.82506539
2458441.749,12.72312698
2458443.78,12.69509826
2458447.812,12.581981
2458449.747,12.62486656
2458450.759,12.48092177
2458451.724,12.59776767
2458457.703,12.61525332
2458462.706,12.69500627
2458464.689,12.53585892
2458465.687,12.51296951
2458466.71,12.51238206
2458468.675,12.60587849
2458469.672,12.63356151
2458471.683,12.60929301
2458472.69,12.57778324
2458475.693,12.55844795
2458479.679,12.45874785
2458481.676,12.50566065
2458482.673,12.41483502
2458483.671,12.45840938
2458486.662,12.47149088
2458487.699,12.37642742
2458488.721,12.4545416
2458490.648,12.45456411
2458494.681,12.35444307
2458506.682,12.09048696
2458508.692,12.02204149
2458509.711,11.9742117
2458510.678,11.99133917
2458511.691,11.94682097
2458512.658,11.91994514
2458514.65,11.84573942
2458534.629,11.52478022
2458540.673,11.40334353
2458597.999,12.18061756
2458636.894,14.09833884
2458675.974,14.0387985
2458686.976,14.38486536
2458717.993,14.11273093
2458730.993,13.86707873
2458733.953,14.0206896
2458737.977,14.19704154
2458743.01,13.70807369
2458778.862,13.87836272
2458780.84,14.12147997
2458782.841,13.8812393
2458783.894,13.97019904
2458784.886,14.0877165
2458785.919,13.94452034
2458786.852,13.75447944
2458787.808,13.94047616
2458788.823,13.7246823
2458789.833,13.59967352
2458790.819,13.64430594
2458791.812,13.57013796
2458792.822,13.72175734
2458793.785,13.59752037
2458794.79,13.68062152
2458795.796,13.64073065
2458796.78,13.7295337
2458797.815,13.65311543
2458798.838,13.58777563
2458799.789,13.70578255
2458800.803,13.46173994
2458801.791,13.57652958
2458804.837,13.63779802
2458805.788,13.86281569
2458812.747,14.002251
2458827.748,14.06782955
2458830.803,13.74845263
2458833.754,13.80569861
2458837.704,13.93487236
2458846.676,13.85725837
2458849.726,13.6853227
2458851.681,13.46017569
2458854.689,13.96873589
2458855.71,14.11949641
2458856.726,14.1559443
2458859.659,14.25296708
2458876.659,14.28647609
2458877.665,14.09911485
2458878.657,14.21208422
2458882.656,14.0034136
2458886.661,14.14732166
2458887.646,13.87662298
2458891.651,14.08954544
2458893.676,13.96454605
2458894.65,13.95869497
2458895.659,13.98368394
2458896.655,13.97855407
2458897.647,13.73834696
2458898.638,13.64743337
2458899.643,13.6415184
2458900.637,14.01597973
2458906.627,13.71318368
2458909.625,13.80494701
2458912.635,13.55106281
2458913.649,13.74616715
2458915.619,13.81742027
2458957.01,13.43728119
2458962.999,13.9526351
2458980.942,13.7047842
2458992.932,13.58875123
2459009.876,13.57629506
2459014.867,13.64481989
2459017.861,13.85058751
2459089.013,12.70903426
2459093.004,12.74126369
2459094.997,12.65835929
2459102.976,12.75528009
2459104.977,12.63152879
2459107.968,12.55324777
2459109.961,12.58822981
2459111.955,12.5394413
2459113.951,12.41680171
2459115.943,12.51985531
2459119.931,12.41931325
2459121.924,12.56277602
2459123.918,12.47458531
2459125.911,12.51212305
2459127.909,12.41860302
2459129.902,12.50695837
2459133.89,12.53063135
2459135.889,12.48366841
2459137.882,12.55573895
2459139.878,12.51111539
2459141.87,12.68568427
2459143.868,12.4486794
2459145.864,12.52721101
2459149.85,12.55145924
2459151.842,12.52944504
2459153.835,12.5171797
2459155.831,12.59639685
2459156.85,12.57460472
2459157.824,12.51836984
2459158.822,12.54790583
2459163.929,12.60452088
2459165.878,12.70951274
2459169.813,12.59065302
2459171.798,12.61779274
2459173.781,12.70296718
2459174.78,12.63169946
2459176.772,12.62747729
2459178.767,12.64255634
2459180.762,12.6241648
2459181.758,12.64088887
2459183.756,12.70516955
2459184.763,12.61326261
2459185.748,12.63959824
2459186.746,12.55735919
2459187.743,12.52406902
2459188.74,12.63976867
2459189.739,12.54789514
2459190.734,12.60553232
2459195.722,12.52963683
2459197.718,12.53898951
2459199.735,12.48232198
2459200.707,12.56427549
2459202.702,12.4491948
2459203.717,12.51163251
2459204.695,12.45739403
2459205.693,12.46622188
2459206.691,12.41720303
2459210.68,12.44668228
2459211.683,12.45024727
2459215.666,12.47994362
2459216.719,12.44468295
2459217.711,12.48247911
2459218.689,12.54883692
2459219.674,12.54815777
2459220.686,12.47159219
2459221.684,12.42084883
2459222.693,12.51411629
2459223.69,12.53196578
2459224.68,12.51546558
2459225.688,12.59744962
2459226.683,12.54893618
2459227.683,12.49531053
2459228.67,12.52475672
2459229.666,12.54851054
2459231.651,12.54311574
2459232.671,12.58297169
2459233.668,12.63352713
2459243.705,12.7055448
2459250.667,12.87014282
2459251.668,12.85326655
2459252.643,12.89579502
2459253.647,13.02299719
2459254.653,12.94272772
2459255.646,12.83709416
2459256.658,13.00760951
2459257.643,13.01310125
2459260.634,13.0606636
2459263.653,13.24646246
2459264.65,13.23091663
2459265.647,13.26773546
2459266.652,13.48638235
2459267.639,13.23061607
2459268.641,13.62579281
2459269.637,13.44171023
2459270.647,13.66422442
2459271.635,13.34584403
2459272.63,13.6641132
2459273.631,13.56774834
2459274.651,13.57774123
2459460,14.34515014
2459463.99,14.24980392
2459465.981,14.16284814
2459469.983,14.01359034
2459473.96,14.28411226
2459478.982,14.10251629
2459479.953,14.37224865
2459489.916,14.25622726
2459496.93,14.19383616
2459498.962,14.05754597
2459502.02,14.07726454
2459504.878,13.81339939
2459507.902,14.05697092
2459508.888,13.75299091
2459509.895,13.6429591
2459514.847,13.71218661
2459515.881,13.47934994
2459516.912,13.5943793
2459517.909,13.51879835
2459518.889,13.3834674
2459520.867,13.40285898
2459521.927,13.3544557
2459523.858,13.51495707
2459524.887,13.33013321
2459525.883,13.19456505
2459526.85,13.25891764
2459527.879,13.41843383
2459529.808,13.07615054
2459530.874,13.10732591
2459531.87,13.07123864
2459532.836,12.96392714
2459533.848,13.06744733
2459534.799,13.0065739
2459535.794,12.89092858
2459536.822,12.98250932
2459537.847,12.86369966
2459538.86,12.99798172
2459540.79,12.94532612
2459542.771,12.83133188
2459543.839,12.78809012
2459544.889,12.77893646
2459545.832,12.67123742
2459546.83,12.65221868
2459547.826,12.69107876
2459548.873,12.61632391
2459549.864,12.65126744
2459550.841,12.5479936
2459551.815,12.59149691
2459552.849,12.53438327
2459553.806,12.46795635
2459554.85,12.39574409
2459560.726,12.24386679
2459566.824,12.0394191
2459584.764,11.50493209
2459585.79,11.46843665
2459589.697,11.32041646
2459591.772,11.29277456
2459600.751,11.11832148
2459604.709,11.05233816
2459607.699,10.96471764
2459610.719,10.90823716
2459613.703,10.79727933
2459615.694,10.69977922
2459617.692,10.63881673
2459619.695,10.5857884
2459839.961,12.09857977
2459841.952,12.10713727
2459842.985,12.09708095
2459844.943,12.12724717
2459848.934,12.22259182
2459849.938,12.29093491
2459850.966,12.2060318
2459852.978,12.27346757
2459853.956,12.22964659
2459855.951,12.16894028
2459858.94,12.2416863
2459859.941,12.26251188
2459873.868,12.53020386
2459877.875,12.33347852
2459878.957,12.39856275
2459880.881,12.38178449
2459881.91,12.31309497
2459882.908,12.46572984
2459883.857,12.42656561
2459889.827,12.3539392
2459894.808,12.24034886
2459896.803,12.33560231
2459898.852,12.28870737
2459899.863,12.35833763
2459900.912,12.32331771
2459901.84,12.33484528
2459902.903,12.39106658
2459903.814,12.3360665
2459904.851,12.39199713
2459906.808,12.38779568