jds,mags,magerrs,0,Residual X,Residual Y
2329792.9555743253,10.33623547917961,0.0345267029509774,,861.9218674781857,687.3489488047708
2329816.629029104,10.217801445617225,0.0318718977431819,,861.9218674781857,687.3489488047708
2329830.805208454,10.2918101012961,0.0325406910130922,,861.9218674781857,687.3489488047708
2329839.3317111717,10.347408112658249,0.0353538348189794,,861.9218674781857,687.3489488047708
2329849.716266316,10.490735470687754,0.1369718853061468,,861.9218674781857,687.3489488047708
2329862.98678927,10.1532995028628,0.0298774549810167,,861.9218674781857,687.3489488047708
2329864.8587654205,10.17750366831728,0.0311450870935906,,861.9218674781857,687.3489488047708
2329868.6279986976,10.2105522740595,0.0310108399753675,,861.9218674781857,687.3489488047708
2329871.4768128037,10.24202298274346,0.0311255768968388,,861.9218674781857,687.3489488047708
2329873.385739752,10.230112776440066,0.0336830266440701,,861.9218674781857,687.3489488047708
2329878.1155017433,10.325558622301648,0.0326873880180016,,861.9218674781857,687.3489488047708
2329883.779601146,10.399151092156195,0.0378984806362347,,861.9218674781857,687.3489488047708
2329887.576363806,10.492565053633664,0.0420047733342604,,861.9218674781857,687.3489488047708
2329889.456999102,10.525512522048269,0.042236905771556,,861.9218674781857,687.3489488047708
2329893.236969937,10.519989628487622,0.0416034072211637,,861.9218674781857,687.3489488047708
2329895.138893894,10.594288916536083,0.0432259807634895,,861.9218674781857,687.3489488047708
2329897.020499847,10.588148610020868,0.0452714174826591,,861.9218674781857,687.3489488047708
2329899.8557083,10.657548269910848,0.0443337324176579,,861.9218674781857,687.3489488047708
2329901.7403304204,10.650753642191862,0.0466174984001113,,861.9218674781857,687.3489488047708
2329903.6372201196,10.650662476332176,0.0453077541303281,,861.9218674781857,687.3489488047708
2329909.258106065,10.634420457637724,0.0411734121596355,,861.9218674781857,687.3489488047708
2329912.165373501,10.59180847230741,0.0437300900106042,,861.9218674781857,687.3489488047708
2329917.816772094,10.438770505159171,0.0380174455508235,,861.9218674781857,687.3489488047708
2329921.5925861006,10.482889029459368,0.0489483823968086,,861.9218674781857,687.3489488047708
2329927.25739293,10.469121874908742,0.0399196796054358,,861.9218674781857,687.3489488047708
2329934.783761913,10.348714298342472,0.0385567678930506,,861.9218674781857,687.3489488047708
2329942.394874232,10.141728891081945,0.0312727659608628,,861.9218674781857,687.3489488047708
2329946.1590842153,10.09083974798398,0.0316299484265222,,861.9218674781857,687.3489488047708
2329949.0092857587,9.944152805562824,0.0276627291639565,,861.9218674781857,687.3489488047708
2329954.671800306,9.965140496765503,0.025035480717482,,0.0,0.0
2329961.3071495225,9.851636868844595,0.0235184325213279,,861.9218674781857,687.3489488047708
2329965.093306244,9.79935973115636,0.0230955726109844,,861.9218674781857,687.3489488047708
2329986.818717123,9.828723422429062,0.0247179771320933,,861.9218674781857,687.3489488047708
2330007.658219275,10.138178244506529,0.0288464094296548,,861.9218674781857,687.3489488047708
2330119.9051573076,10.751972921403326,0.059970454135159,,861.9218674781857,687.3489488047708
2330153.9601455815,10.135134804062076,0.0268272153917909,,861.9218674781857,687.3489488047708
2330177.5973021584,9.791048234897254,0.01852959350322,,861.9218674781857,687.3489488047708
2330187.9944045586,9.793377065879913,0.0224257883854514,,861.9218674781857,687.3489488047708
2330194.5883006663,9.86291883707867,0.0230746763886737,,861.9218674781857,687.3489488047708
2330211.619024847,9.728670910005688,0.0181695026468774,,861.9218674781857,687.3489488047708
2330214.579409735,9.842929673297304,0.0202829675244096,,861.9218674781857,687.3489488047708
2330219.303210676,9.808319242742042,0.0182427552592162,,861.9218674781857,687.3489488047708
2330220.2505395436,9.870409064868989,0.0216976725671157,,861.9218674781857,687.3489488047708
2330221.1949948277,9.816775126095232,0.0187747246500737,,861.9218674781857,687.3489488047708
2330222.139866887,9.850426292647777,0.0191990472465765,,861.9218674781857,687.3489488047708
2330223.0850899187,9.860056397545744,0.0195136825386207,,861.9218674781857,687.3489488047708
2330224.0288651916,9.904615612700493,0.0193459401194157,,861.9218674781857,687.3489488047708
2330224.976479228,9.888026554894672,0.0186231189602563,,861.9218674781857,687.3489488047708
2330225.9212525785,9.863587653085164,0.0189142075597568,,861.9218674781857,687.3489488047708
2330226.8645891394,9.873303978186046,0.0188255610410103,,861.9218674781857,687.3489488047708
2330227.809724425,9.80368566217749,0.0193097832201272,,861.9218674781857,687.3489488047708
2330228.75707523,9.784504998152482,0.0184776817970332,,861.9218674781857,687.3489488047708
2330229.700784696,9.76063011520088,0.0173741569887071,,861.9218674781857,687.3489488047708
2330229.7020240654,9.743299212036304,0.0191146149501685,,861.9218674781857,687.3489488047708
2330230.6462819264,9.771234624811507,0.0170624734353879,,861.9218674781857,687.3489488047708
2330231.589212672,9.7750139044981,0.0176073182780326,,861.9218674781857,687.3489488047708
2330233.3848468866,9.631460386739311,0.0184081853755433,,861.9218674781857,687.3489488047708
2330233.3856694773,9.586022417386603,0.0176550217821841,,861.9218674781857,687.3489488047708
2330233.386481099,9.639294706508638,0.0189567449952609,,861.9218674781857,687.3489488047708
2330233.3872817573,9.598875268526797,0.0162193602338005,,0.0,0.0
2330233.3880933784,9.665671211413878,0.0181654603524319,,861.9218674781857,687.3489488047708
2330233.388905001,9.584808277640738,0.0193004958877707,,861.9218674781857,687.3489488047708
2330233.389727591,9.638600344656965,0.0191301177312263,,861.9218674781857,687.3489488047708
2330233.390550187,9.711695859694062,0.0166449369003332,,861.9218674781857,687.3489488047708
2330233.3913727775,9.69278012889988,0.018861817820461,,861.9218674781857,687.3489488047708
2330240.111547593,9.611295751037511,0.0159223263384977,,861.9218674781857,687.3489488047708
2330240.112359219,9.656203772620428,0.0156389127485705,,861.9218674781857,687.3489488047708
2330240.113181805,9.621788479597324,0.016757524884941,,861.9218674781857,687.3489488047708
2330240.1140044006,9.650876092394078,0.016750448587201,,861.9218674781857,687.3489488047708
2330240.1148160226,9.681959059657457,0.0184813482652596,,861.9218674781857,687.3489488047708
2330240.1156276437,9.646848791256472,0.0182180237904864,,861.9218674781857,687.3489488047708
2330240.1164392666,9.636294563882254,0.0172140019839663,,861.9218674781857,687.3489488047708
2330240.117250893,9.62942616810604,0.0151189060383973,,861.9218674781857,687.3489488047708
2330240.1180515457,9.655667618034345,0.0147516572366728,,861.9218674781857,687.3489488047708
2330240.1188796237,9.677608059897786,0.0179971969109575,,861.9218674781857,687.3489488047708
2330240.1197076957,9.619860769191892,0.0175584878622322,,0.0,0.0
2330246.6168670887,9.65797777043893,0.0180400859702805,,861.9218674781857,687.3489488047708
2330247.561695278,9.61994813054346,0.0173175778474756,,861.9218674781857,687.3489488047708
2330248.5082783266,9.635906427297453,0.0189375761422256,,861.9218674781857,687.3489488047708
2330249.4555413905,9.60727159916371,0.0190750988190212,,861.9218674781857,687.3489488047708
2330251.3517565653,9.608660097836696,0.0172566870182446,,861.9218674781857,687.3489488047708
2330252.2943144017,9.605095055989173,0.0173136890471801,,861.9218674781857,687.3489488047708
2330253.2411277755,9.61761413631319,0.0170723670727703,,861.9218674781857,687.3489488047708
2330254.1881385767,9.588128732563137,0.0162562671471649,,0.0,0.0
2330256.0745704,9.640266336251903,0.0169022679178464,,861.9218674781857,687.3489488047708
2330257.0177095323,9.673948978716911,0.0167462789115198,,861.9218674781857,687.3489488047708
2330257.963184831,9.591136782010924,0.0166309155969583,,861.9218674781857,687.3489488047708
2330258.90801302,9.621662145916522,0.01770958002543,,861.9218674781857,687.3489488047708
2330259.8816867387,9.664919676587918,0.0181771554908675,,861.9218674781857,687.3489488047708
2330261.743353084,9.631361761592288,0.0184169290334542,,861.9218674781857,687.3489488047708
2330263.628501667,9.613533323300883,0.0159324534510944,,861.9218674781857,687.3489488047708
2330264.579570582,9.623867660860054,0.0162958642677652,,861.9218674781857,687.3489488047708
2330265.528292369,9.584264036502349,0.0177300941304169,,861.9218674781857,687.3489488047708
2330266.4688101807,9.589843061887386,0.0163459391264532,,861.9218674781857,687.3489488047708
2330271.203595462,9.567244786635191,0.015884991049108,,861.9218674781857,687.3489488047708
2330272.1465316936,9.600330359764804,0.0160616981370059,,861.9218674781857,687.3489488047708
2330273.0827062237,9.605471151575388,0.0164452321404666,,861.9218674781857,687.3489488047708
2330274.0387655264,9.625993223384642,0.0153471523779264,,861.9218674781857,687.3489488047708
2330274.9805556107,9.610204137801537,0.0146196484658056,,861.9218674781857,687.3489488047708
2330275.9292993387,9.631144763390774,0.0168959711857915,,861.9218674781857,687.3489488047708
2330276.8652928956,9.572772229255934,0.0175709438740185,,0.0,0.0
2330277.823584164,9.584633531637383,0.0173132346461589,,861.9218674781857,687.3489488047708
2330278.771505297,9.504454954637165,0.0149154469714073,,861.9218674781857,687.3489488047708
2330279.730087211,9.591249313820317,0.0189582669886561,,0.0,0.0
2330280.666163031,9.60178643883978,0.0175479327203682,,861.9218674781857,687.3489488047708
2330281.6096312026,9.669574233121008,0.015956749024001,,861.9218674781857,687.3489488047708
2330282.555172305,9.57563671586598,0.017256362874035,,861.9218674781857,687.3489488047708
2330283.503060536,9.622855372104697,0.0175256655880718,,861.9218674781857,687.3489488047708
2330284.446627417,9.66205782512328,0.0190550099940007,,861.9218674781857,687.3489488047708
2330285.3911046344,9.566028063672205,0.0158272615550247,,861.9218674781857,687.3489488047708
2330286.331841803,9.51446208758736,0.0152978847492429,,861.9218674781857,687.3489488047708
2330287.2858610824,9.55530586251924,0.016284335573362,,861.9218674781857,687.3489488047708
2330288.2245801613,9.580881134010562,0.0147105803772984,,861.9218674781857,687.3489488047708
2330292.95204438,9.632030763103996,0.0191045404475414,,861.9218674781857,687.3489488047708
2330297.6822505696,9.555033385284508,0.0147571180015916,,861.9218674781857,687.3489488047708
2330298.6334401285,9.506549321119728,0.015301231315238,,861.9218674781857,687.3489488047708
2330299.576195387,9.48703619250976,0.0175207894541441,,861.9218674781857,687.3489488047708
2330300.524730724,9.5265312866713,0.0169157270784286,,861.9218674781857,687.3489488047708
2330301.464776922,9.514073652943814,0.0171526065331639,,861.9218674781857,687.3489488047708
2330302.413981291,9.523236281258956,0.0155467507186436,,861.9218674781857,687.3489488047708
2330303.3625166262,9.539384853578046,0.0171909875180221,,861.9218674781857,687.3489488047708
2330310.9996063756,9.499494146292411,0.0160279001650244,,861.9218674781857,687.3489488047708
2330311.869940711,9.454123556438844,0.0138903174072121,,861.9218674781857,687.3489488047708
2330313.8353083795,9.461237791410555,0.0140379982356307,,861.9218674781857,687.3489488047708
2330314.7801585062,9.399759553752393,0.0147968396167744,,861.9218674781857,687.3489488047708
2330315.7237911997,9.459849907084202,0.0142601309583486,,861.9218674781857,687.3489488047708
2330316.668827777,9.457937435722515,0.0161356600979763,,861.9218674781857,687.3489488047708
2330317.6135682245,9.49586989890592,0.0145170331513283,,861.9218674781857,687.3489488047708
2330318.5610835473,9.469632255039564,0.0135431853462578,,861.9218674781857,687.3489488047708
2330323.285136756,9.43125590391532,0.0130638608583209,,861.9218674781857,687.3489488047708
2330324.2299430077,9.423409876333157,0.0149448636905891,,861.9218674781857,687.3489488047708
2330325.174486032,9.483406270949017,0.0141727470431133,,861.9218674781857,687.3489488047708
2330326.119149704,9.484308892568963,0.0147618229701116,,0.0,0.0
2330327.065732758,9.434365844611854,0.0152221811834499,,861.9218674781857,687.3489488047708
2330328.0109996595,9.489792799260984,0.0145279237110886,,861.9218674781857,687.3489488047708
2330328.9553781673,9.455757260630431,0.0136395950606629,,861.9218674781857,687.3489488047708
2330329.9026521957,9.481276285197072,0.0144771221999104,,861.9218674781857,687.3489488047708
2330330.846800378,9.656892027995507,0.0427955113070832,,861.9218674781857,687.3489488047708
2330331.790871785,9.520224743265707,0.0140491803687178,,861.9218674781857,687.3489488047708
2330333.679102341,9.51543000882548,0.0155479133983213,,861.9218674781857,687.3489488047708
2330335.571895534,9.513809004977142,0.0169622751520923,,861.9218674781857,687.3489488047708
2330338.4051078307,9.467263550872945,0.0163202779234665,,861.9218674781857,687.3489488047708
2330339.3527328297,9.430959871147216,0.013889787088814,,861.9218674781857,687.3489488047708
2330340.297012623,9.45734664596918,0.0147598378586033,,861.9218674781857,687.3489488047708
2330341.240875642,9.460797126767671,0.0142212604267009,,861.9218674781857,687.3489488047708
2330342.1851883414,9.47402206237891,0.0148619409677148,,861.9218674781857,687.3489488047708
2330343.130192017,9.470533286716492,0.0162464546705748,,861.9218674781857,687.3489488047708
2330344.0769395875,9.433205943955308,0.0152303193990305,,861.9218674781857,687.3489488047708
2330348.8026599158,9.466098367789025,0.0162596194639479,,861.9218674781857,687.3489488047708
2330351.638767731,9.391214644596989,0.0149877665659617,,861.9218674781857,687.3489488047708
2330352.5800971654,9.420065839932311,0.0167803795188321,,861.9218674781857,687.3489488047708
2330353.5271298997,9.385479956608938,0.0151211726387377,,861.9218674781857,687.3489488047708
2330354.4709709813,9.39613853680968,0.0151846211635861,,861.9218674781857,687.3489488047708
2330355.4182888796,9.43852901775617,0.0162232251855802,,861.9218674781857,687.3489488047708
2330358.251896017,9.324285334822804,0.0136814097241268,,861.9218674781857,687.3489488047708
2330466.734305997,9.333060099998104,0.0107712288978195,,861.9218674781857,687.3489488047708
2330471.4581508185,9.292871164730656,0.0118839208819097,,861.9218674781857,687.3489488047708
2330472.4027267457,9.29867712051964,0.0134508810578863,,861.9218674781857,687.3489488047708
2330474.2936883015,9.434142888080402,0.0132179050159398,,861.9218674781857,687.3489488047708
2330487.5453081084,9.320706603678795,0.0137551595073456,,861.9218674781857,687.3489488047708
2330496.0283889812,9.280619445847204,0.0134419348332088,,861.9218674781857,687.3489488047708
2330496.9755533263,9.2602294958874,0.0134261004361057,,861.9218674781857,687.3489488047708
2330497.9197453842,9.395142960748204,0.0131301212430593,,861.9218674781857,687.3489488047708
2330498.872788515,9.355908256809723,0.0121066216232021,,861.9218674781857,687.3489488047708
2330499.8071204405,9.345901840124274,0.012104911856454,,861.9218674781857,687.3489488047708
2330504.531623331,9.333378527487778,0.0133870499830342,,861.9218674781857,687.3489488047708
2330505.481419975,9.303997553033348,0.0143424677080922,,861.9218674781857,687.3489488047708
2330506.424997825,9.429412757250232,0.0158704062240973,,861.9218674781857,687.3489488047708
2330508.312307078,9.363998377743124,0.0133648945218163,,861.9218674781857,687.3489488047708
2330514.9265869935,9.44200349187675,0.0138124484378574,,861.9218674781857,687.3489488047708
2330515.877908172,9.47671010205305,0.0134778135739488,,861.9218674781857,687.3489488047708
2330516.81952277,9.40573223888809,0.0123911980405377,,861.9218674781857,687.3489488047708
2330517.7617954467,9.462177789128532,0.0138294290798248,,861.9218674781857,687.3489488047708
2330518.7072159015,9.476837758715444,0.0160557862694171,,861.9218674781857,687.3489488047708
2330521.5423804796,9.439662123697207,0.0138814961219197,,861.9218674781857,687.3489488047708
2330522.4877022295,9.341043481398476,0.0133953952661017,,861.9218674781857,687.3489488047708
2330524.4580931873,9.476771843910058,0.0134664606337919,,861.9218674781857,687.3489488047708
2330526.2692524325,9.311642348956848,0.0140950529851135,,861.9218674781857,687.3489488047708
2330530.09354448,9.411173040465046,0.0142911880024335,,861.9218674781857,687.3489488047708
2330530.992647568,9.35575525668217,0.0138342950097335,,861.9218674781857,687.3489488047708
2330531.942213882,9.30516887075236,0.0128339146151095,,861.9218674781857,687.3489488047708
2330532.8868446527,9.392059631253476,0.0134108849031593,,861.9218674781857,687.3489488047708
2330533.8299070145,9.410756494140555,0.01574442541209,,861.9218674781857,687.3489488047708
2330534.7734848643,9.339081762296123,0.0137146796416248,,861.9218674781857,687.3489488047708
2330535.7183569283,9.3084687298669,0.014317563202517,,861.9218674781857,687.3489488047708
2330536.662801244,9.309321038614955,0.0137712054884904,,861.9218674781857,687.3489488047708
2330536.734004729,9.303780901055273,0.0120085570489461,,861.9218674781857,687.3489488047708
2330536.788032517,9.420809926443251,0.0138470994697517,,861.9218674781857,687.3489488047708
2330537.610952697,9.266463468731612,0.0131543736105844,,861.9218674781857,687.3489488047708
2330539.4985909886,9.33776504004935,0.013579421972385,,861.9218674781857,687.3489488047708
2330540.4431998217,9.310336985087597,0.0130413059349329,,861.9218674781857,687.3489488047708
2330541.3913512793,9.260560675224124,0.014357890448318,,0.0,0.0
2330544.225781013,9.482188767746758,0.0159357659625961,,861.9218674781857,687.3489488047708
2330545.1718047014,9.259919233626718,0.0136170803903665,,861.9218674781857,687.3489488047708
2330546.12000003,9.34741467958644,0.012690092559708,,861.9218674781857,687.3489488047708
2330548.005839587,9.29593621022168,0.0139387313561918,,861.9218674781857,687.3489488047708
2330549.072806111,9.314056167692607,0.0133665461468989,,861.9218674781857,687.3489488047708
2330549.894530795,9.335449730615654,0.0127771555865089,,861.9218674781857,687.3489488047708
2330550.842079019,9.299544293662638,0.0142002390213028,,861.9218674781857,687.3489488047708
2330555.5956468,9.31692362226887,0.0131012670706853,,861.9218674781857,687.3489488047708
2330556.5108617074,9.28303851895418,0.0125282029492067,,861.9218674781857,687.3489488047708
2330557.4540118086,9.305114347344212,0.0134875018722338,,0.0,0.0
2330558.3984122546,9.29157236210602,0.0113429098977373,,0.0,0.0
2330559.3470243625,9.321194811931466,0.0121214545171312,,0.0,0.0
2330560.2913589957,9.290384354667614,0.0134525604324033,,0.0,0.0
2330561.2342129685,9.310031266118717,0.0136020040561552,,861.9218674781857,687.3489488047708
2330562.1789753544,9.249254000513298,0.0126265640276653,,0.0,0.0
2330563.1242312924,9.3130365514506,0.0134308525603063,,861.9218674781857,687.3489488047708
2330564.072996949,9.32087043939852,0.0143808257056908,,861.9218674781857,687.3489488047708
2330565.961348153,9.327338930202783,0.0150790447371052,,861.9218674781857,687.3489488047708
2330566.904136314,9.312005540120404,0.0126575370939016,,861.9218674781857,687.3489488047708
2330567.8531652014,9.383953170535744,0.0148189088257959,,861.9218674781857,687.3489488047708
2330568.797697262,9.367819872159052,0.0130811348557396,,861.9218674781857,687.3489488047708
2330569.7413957594,9.415959633062997,0.0137704995754599,,861.9218674781857,687.3489488047708
2330570.7732540937,9.455333474729928,0.015423841485504,,861.9218674781857,687.3489488047708
2330571.710119603,9.47952120028024,0.0136666062950164,,861.9218674781857,687.3489488047708
2330572.573982888,9.50096245995115,0.0163903219248577,,861.9218674781857,687.3489488047708
2330574.5028823446,9.530909411187256,0.0161726982051439,,861.9218674781857,687.3489488047708
2330575.4089390733,9.624718816250864,0.0184495365957525,,861.9218674781857,687.3489488047708
2330576.357924095,9.592721213025849,0.0170528592391174,,861.9218674781857,687.3489488047708
2330577.302664539,9.635525684669732,0.0168783120767722,,861.9218674781857,687.3489488047708
2330582.0279242173,9.910376780261878,0.0228025063084811,,861.9218674781857,687.3489488047708
2330582.972138203,9.913907102628045,0.0217754748414835,,861.9218674781857,687.3489488047708
2330583.916878651,9.996226981249452,0.0229338713206767,,861.9218674781857,687.3489488047708
2330584.8620907143,10.086151426795322,0.031746667616294,,861.9218674781857,687.3489488047708
2330585.808300862,10.072105024541212,0.0248778391894325,,0.0,0.0
2330586.752558719,10.126537112330867,0.0278491729719064,,0.0,0.0
2330588.642522198,10.136077622509127,0.0265714543907065,,0.0,0.0
2330589.586242633,10.17913324253786,0.0268748627585126,,0.0,0.0
2330590.533768923,10.232070588060092,0.0273212515753462,,0.0,0.0
2330591.4840262127,10.2395884120491,0.0274986227898377,,0.0,0.0
2330593.369536736,10.364168241043377,0.0310730817619793,,861.9218674781857,687.3489488047708
2330594.322634711,10.379377783455556,0.0325385447814382,,0.0,0.0
2330594.386029065,10.458358601300883,0.0415030706186379,,0.0,0.0
2330595.266826759,10.395389663709654,0.0321684524096816,,0.0,0.0
2330596.206587789,10.460064191782717,0.0348480231009774,,861.9218674781857,687.3489488047708
2330597.155890877,10.48907671191115,0.0369236044663081,,861.9218674781857,687.3489488047708
2330598.1026494107,10.528790412963335,0.0418863466255216,,861.9218674781857,687.3489488047708
2330599.04853052,10.51388732294478,0.040725894144676,,861.9218674781857,687.3489488047708
2330599.1715956414,10.56639426417174,0.0413249228999863,,861.9218674781857,687.3489488047708
2330599.99615552,10.505989550886513,0.0383609791131609,,861.9218674781857,687.3489488047708
2330600.9434734187,10.5346017320723,0.044020882635923,,861.9218674781857,687.3489488047708
2330603.7828386994,10.524790398225374,0.0395145283267577,,861.9218674781857,687.3489488047708
2330607.5742490315,10.588494774807565,0.0400525700504313,,861.9218674781857,687.3489488047708
2330615.1516954373,11.159238937062824,0.1391155513621649,,861.9218674781857,687.3489488047708
2330616.098618494,10.89859605368008,0.0576141153753358,,861.9218674781857,687.3489488047708
2330617.0470660846,10.970775382572889,0.0578677220015028,,861.9218674781857,687.3489488047708
2330617.9936710703,10.9234912047721,0.0485741784388153,,861.9218674781857,687.3489488047708
2330618.939223141,10.956797508454445,0.0571843688679274,,861.9218674781857,687.3489488047708
2330619.884533917,10.864645005752926,0.0454075448191225,,861.9218674781857,687.3489488047708
2330620.833299578,10.899147664825064,0.049899156446263,,861.9218674781857,687.3489488047708
2330621.7815716825,10.908196411244765,0.0494775463638822,,861.9218674781857,687.3489488047708
2330622.7314450983,10.917351157862475,0.0509751970579608,,861.9218674781857,687.3489488047708
2330623.6736190654,10.99705835735391,0.0571952956187149,,861.9218674781857,687.3489488047708
2330627.4628577577,10.86323533604429,0.0570422831607794,,861.9218674781857,687.3489488047708
2330628.4102963028,10.964861855836794,0.0498478892244235,,861.9218674781857,687.3489488047708
2330629.3501779754,11.003368138143184,0.0618417127607181,,861.9218674781857,687.3489488047708
2330635.9833445875,10.866099558946429,0.1056416514979534,,861.9218674781857,687.3489488047708
2330636.9290392427,10.73821140240014,0.047958868257236,,861.9218674781857,687.3489488047708
2330637.877464895,10.744053708008927,0.043346929328115,,861.9218674781857,687.3489488047708
2330638.8227647026,10.801499262547448,0.0458183377871815,,861.9218674781857,687.3489488047708
2330639.770214222,10.786430699213188,0.0490392994430843,,861.9218674781857,687.3489488047708
2330640.7170385644,10.73433984874099,0.0460650964356465,,861.9218674781857,687.3489488047708
2330641.6632596767,10.77383949051115,0.0463768427203104,,861.9218674781857,687.3489488047708
2330643.6086548315,10.81120980220824,0.0483133155979946,,861.9218674781857,687.3489488047708
2330645.4482318624,10.777332212713851,0.0461816997957724,,861.9218674781857,687.3489488047708
2330646.394606523,10.757435009904649,0.0521750451365709,,861.9218674781857,687.3489488047708
2330647.3409373146,10.756714767309946,0.055837396412584,,861.9218674781857,687.3489488047708
2330648.287882308,10.78898086471936,0.0478398912989318,,861.9218674781857,687.3489488047708
2330649.2327433988,10.853829702129689,0.0538616186684851,,861.9218674781857,687.3489488047708
2330650.181465189,10.84566222231278,0.0558648936499088,,861.9218674781857,687.3489488047708
2330652.07458742,11.126561214029806,0.0581472811774554,,861.9218674781857,687.3489488047708
2330655.84756074,11.230737465957713,0.0898209386142344,,861.9218674781857,687.3489488047708
2330659.644992443,11.639340309517568,0.1122908872871279,,861.9218674781857,687.3489488047708
2330661.539688565,11.878255083611815,0.1284592086653375,,861.9218674781857,687.3489488047708
2330662.485322894,11.929718923079708,0.138831245616075,,861.9218674781857,687.3489488047708
2330663.4316207776,12.084740834890988,0.1751569220423394,,861.9218674781857,687.3489488047708
2330664.3787412574,12.185233906187246,0.1969193818809319,,861.9218674781857,687.3489488047708
2330665.3264869046,12.36620754342614,0.2187340823614319,,861.9218674781857,687.3489488047708
2330671.0083213705,12.597639143627198,0.2608272224421932,,861.9218674781857,687.3489488047708
2330671.9609038555,12.512655458874896,0.2326777090630892,,861.9218674781857,687.3489488047708
2330672.8989867936,12.524921369751642,0.2566022100312367,,861.9218674781857,687.3489488047708
2330673.8456356544,12.480663484582465,0.2545324078878039,,861.9218674781857,687.3489488047708
2330674.792635487,12.550228576751811,0.2360530004505799,,861.9218674781857,687.3489488047708
2330675.738012067,12.67016231473426,0.266472200990361,,861.9218674781857,687.3489488047708
2330689.0166731924,13.034469392433085,0.3504028026516904,,861.9218674781857,687.3489488047708
2330850.4196400098,12.37628821944316,0.2243312784350498,,861.9218674781857,687.3489488047708
2330851.3635797994,12.184240592055698,0.1609570025411927,,861.9218674781857,687.3489488047708
2330852.3083312125,12.160657466112562,0.1612486415778683,,861.9218674781857,687.3489488047708
2330853.251229061,12.279889751283928,0.1900020638694292,,861.9218674781857,687.3489488047708
2330854.196013375,12.326103779018638,0.1971273915136827,,861.9218674781857,687.3489488047708
2330857.033097334,12.336382255212788,0.2032116068664554,,861.9218674781857,687.3489488047708
2330857.9757319517,12.315162754867227,0.1623116706071474,,861.9218674781857,687.3489488047708
2330858.925660202,12.339192380877265,0.1953968173421072,,0.0,0.0
2330860.8140552766,12.510805031756355,0.2406402217754792,,861.9218674781857,687.3489488047708
2330861.7584008826,12.357938343911131,0.2073353142230437,,861.9218674781857,687.3489488047708
2330862.7011451735,12.04184794075068,0.2899732729578169,,861.9218674781857,687.3489488047708
2330867.426700979,12.32562779473326,0.1750402288697902,,861.9218674781857,687.3489488047708
2330868.3706517387,12.133854726430345,0.1812014317710161,,861.9218674781857,687.3489488047708
2330869.3203277313,12.16591926353447,0.1909996001757539,,861.9218674781857,687.3489488047708
2330870.2641688175,12.03025423961346,0.1709135418515005,,861.9218674781857,687.3489488047708
2330870.364503002,12.16371032952788,0.1576955745565634,,861.9218674781857,687.3489488047708
2330871.206967947,12.09003343362276,0.1775766230285123,,861.9218674781857,687.3489488047708
2330872.15120387,12.05899152223311,0.1557845835292707,,861.9218674781857,687.3489488047708
2330873.105848317,12.031442519229447,0.1735277979549644,,861.9218674781857,687.3489488047708
2330874.0446661045,11.996603840756094,0.1476440352341609,,861.9218674781857,687.3489488047708
2330874.9940569373,12.07939043829173,0.1448918522246163,,861.9218674781857,687.3489488047708
2330875.9406619235,12.03758052070355,0.1287031514702081,,861.9218674781857,687.3489488047708
2330876.8814539313,12.041560950688922,0.1384636115361823,,861.9218674781857,687.3489488047708
2330877.8254704988,12.039657865035046,0.1448477129086642,,861.9218674781857,687.3489488047708
2330878.7689167378,12.026066800233298,0.1538739849697274,,861.9218674781857,687.3489488047708
2330879.713821703,12.006377631098324,0.1415376054883134,,861.9218674781857,687.3489488047708
2330880.6562588923,11.887797104906952,0.1540064243167257,,861.9218674781857,687.3489488047708
2330881.601734186,11.882701432790242,0.1471700254819292,,861.9218674781857,687.3489488047708
2330882.550115973,11.805525495581154,0.1387556619521076,,861.9218674781857,687.3489488047708
2330883.4945712527,11.815901692432751,0.13013235302664,,861.9218674781857,687.3489488047708
2330884.4370303843,11.818653265778662,0.1141988233504778,,861.9218674781857,687.3489488047708
2330885.38138695,11.675017628545913,0.0959818996143389,,0.0,0.0
2330886.326741602,11.68027844631845,0.1165479247126855,,861.9218674781857,687.3489488047708
2330887.275627909,11.707650570443892,0.1212374865427488,,861.9218674781857,687.3489488047708
2330888.2295594392,11.630662716150471,0.0967250045893601,,861.9218674781857,687.3489488047708
2330889.161873278,11.555620040935434,0.1007261222006211,,861.9218674781857,687.3489488047708
2330893.0854136827,11.566464742220782,0.0901047512913704,,861.9218674781857,687.3489488047708
2330895.7813410047,11.397146719507774,0.0807063301387169,,861.9218674781857,687.3489488047708
2330896.724820146,11.374260801634732,0.0852036913463522,,861.9218674781857,687.3489488047708
2330897.669758012,11.3571885789516,0.08828256361655,,861.9218674781857,687.3489488047708
2330897.835449808,11.36642260655834,0.085931113961331,,861.9218674781857,687.3489488047708
2330898.613006828,11.364376261722231,0.0723147751190861,,861.9218674781857,687.3489488047708
2330901.537537708,11.222333530743386,0.0737559096290078,,861.9218674781857,687.3489488047708
2330903.3371368083,11.03107023514617,0.0652662678141324,,861.9218674781857,687.3489488047708
2330904.2868237705,11.059687664888054,0.0592988095089595,,861.9218674781857,687.3489488047708
2330905.2306209817,10.985660708121417,0.0689545088836548,,861.9218674781857,687.3489488047708
2330906.1754382057,10.978918374765788,0.06565475096244,,861.9218674781857,687.3489488047708
2330909.0108879483,11.021888217704344,0.0578981413103066,,861.9218674781857,687.3489488047708
2330909.953500629,10.90041846422004,0.0560696999982276,,861.9218674781857,687.3489488047708
2330910.9001823855,10.86742181887034,0.0582988869877844,,861.9218674781857,687.3489488047708
2330911.8427292574,10.904147850579315,0.0566136806842881,,861.9218674781857,687.3489488047708
2330912.7877439014,10.812944800256476,0.0576685936372264,,861.9218674781857,687.3489488047708
2330913.7363889157,10.812361573718889,0.0556550946436496,,861.9218674781857,687.3489488047708
2330914.6803287063,10.835993919210114,0.0449189242377121,,861.9218674781857,687.3489488047708
2330918.4615718126,10.595517348814983,0.0500593281380949,,861.9218674781857,687.3489488047708
2330919.403844489,10.6118985582456,0.0425738646915298,,861.9218674781857,687.3489488047708
2330920.348398478,10.582097137125576,0.0414781476031116,,861.9218674781857,687.3489488047708
2330922.2417071634,10.563214759292949,0.0439342024423881,,861.9218674781857,687.3489488047708
2330923.1863050326,10.538577990435709,0.0469226065817944,,862.758278685447,693.9984165982005
2330926.0227747886,10.61159748043902,0.0450200049144032,,862.758278685447,693.9984165982005
2330926.966571995,10.56261104375758,0.0429810095057882,,862.758278685447,693.9984165982005
2330927.9115208318,10.598700578918614,0.0436903417713603,,862.758278685447,693.9984165982005
2330928.853936092,10.563403868861208,0.0469878103021254,,862.758278685447,693.9984165982005
2330929.7988410573,10.590861428490191,0.0476646575235016,,862.758278685447,693.9984165982005
2330930.7478809096,10.67242640433475,0.0396845856856926,,862.758278685447,693.9984165982005
2330931.691765861,10.65849784717527,0.0425747717896948,,862.758278685447,693.9984165982005
2330932.6340056313,10.56685408927022,0.0421805620624474,,862.758278685447,693.9984165982005
2330933.579075114,10.573583543645896,0.0447448077766627,,862.758278685447,693.9984165982005
2330934.5237278217,10.582557866560371,0.0427522927181892,,862.758278685447,693.9984165982005
2330938.3044115636,10.586872410236548,0.0384695638346496,,862.758278685447,693.9984165982005
2330939.2532430324,10.55658338495594,0.0408755520722169,,862.758278685447,693.9984165982005
2330940.197665411,10.602751948134456,0.0409744768406241,,862.758278685447,693.9984165982005
2330941.1446981453,10.506251043073458,0.0371648997252463,,862.758278685447,693.9984165982005
2330944.931732297,10.613655700690732,0.0508192327550934,,862.758278685447,693.9984165982005
2330945.878984387,10.667712045181093,0.0488142472654452,,862.758278685447,693.9984165982005
2330946.82644487,10.71698882049607,0.0461722911211646,,862.758278685447,693.9984165982005
2330947.776581517,10.666150265497674,0.0469660627098842,,862.758278685447,693.9984165982005
2330948.7235374753,10.753275896631198,0.0512793252755172,,862.758278685447,693.9984165982005
2330949.669473418,10.76339335502388,0.0498509375515683,,862.758278685447,693.9984165982005
2330951.5640105107,10.784186058444552,0.0539817447709149,,862.758278685447,693.9984165982005
2330952.529513157,10.71335945229653,0.0459632102305809,,862.758278685447,693.9984165982005
2330953.46101537,10.78923425426419,0.0477344191732551,,862.758278685447,693.9984165982005
2330954.4321006653,10.927678221945936,0.0504549460377142,,862.758278685447,693.9984165982005
2330955.356210531,10.873352900319626,0.0710310470744919,,862.758278685447,693.9984165982005
2330956.3217570484,10.819691459332972,0.0536909486949253,,862.758278685447,693.9984165982005
2330958.1961022653,10.86809450076289,0.0574080507361765,,862.758278685447,693.9984165982005
2330966.708264475,11.514962692440925,0.0969212532573795,,862.758278685447,693.9984165982005
2330971.4523779387,11.734965669183644,0.1259655044113689,,862.758278685447,693.9984165982005
2330975.240223707,11.707706782735489,0.1099505518029074,,862.758278685447,693.9984165982005
2330976.187442897,11.614437122543402,0.1019338128109377,,862.758278685447,693.9984165982005
2330977.134519506,11.7858646549071,0.1102702812473526,,862.758278685447,693.9984165982005
2330978.080630941,11.46495755544224,0.0979021857022491,,862.758278685447,693.9984165982005
2330979.09928394,11.295594998998505,0.0880492878266152,,862.758278685447,693.9984165982005
2330979.9741480094,11.347949262265582,0.0762529107283731,,862.758278685447,693.9984165982005
2330980.920281381,11.304142033379364,0.0668675634781913,,0.0,0.0
2330981.8670399203,11.143858743292329,0.0584360277125662,,862.758278685447,693.9984165982005
2330982.814094588,11.066384921782284,0.0664276779909461,,862.758278685447,693.9984165982005
2330984.707644567,10.983944119296822,0.0892678103211131,,862.758278685447,693.9984165982005
2330988.493987739,10.741527878461586,0.0672070379932982,,862.758278685447,693.9984165982005
2330989.4407133716,10.837429444211292,0.0723763954864477,,862.758278685447,693.9984165982005
2330990.38725255,10.660570468583735,0.037253475769506,,862.758278685447,693.9984165982005
2330991.334109803,10.484454833246202,0.0408406154354163,,862.758278685447,693.9984165982005
2330992.2744521247,10.564409222691076,0.0422909020863114,,862.758278685447,693.9984165982005
2330997.0125332545,10.35827839783727,0.0345873668832576,,862.758278685447,693.9984165982005
2331003.6348635955,10.285257003530116,0.0939223125950818,,862.758278685447,693.9984165982005
2331005.525956772,10.146701175029262,0.0306780342392289,,862.758278685447,693.9984165982005
2331006.4735927363,10.180834078662569,0.0308840468472072,,862.758278685447,693.9984165982005
2331007.420175789,10.161159915259883,0.0370175785252962,,862.758278685447,693.9984165982005
2331008.367658204,10.17251420703067,0.0321179151554904,,862.758278685447,693.9984165982005
2331009.312278011,10.1557074076873,0.0339748349821507,,862.758278685447,693.9984165982005
2331010.259058478,10.108707497310526,0.0275518725841167,,862.758278685447,693.9984165982005
2331011.2056195987,10.08796947017131,0.0271683006778738,,-9999.99,-9999.99
2331012.1525974935,10.347183379321054,0.0876599681843127,,862.758278685447,693.9984165982005
2331014.0457087513,10.123069768854378,0.0252902569968356,,862.758278685447,693.9984165982005
2331014.992511166,10.09711829120482,0.0265009387045221,,0.0,0.0
2331015.9392258297,9.938759836850464,0.0256714717987689,,0.0,0.0
2331018.7704090653,10.025272491911643,0.0269598134295997,,862.758278685447,693.9984165982005
2331023.5261484855,9.942963492448824,0.023752553934816,,862.758278685447,693.9984165982005
2331024.46122623,9.917143885601174,0.0258016258456995,,862.758278685447,693.9984165982005
2331032.031203508,9.830138071383344,0.0228128217148778,,862.758278685447,693.9984165982005
2331037.7338769482,9.90490681936686,0.0222770718716738,,0.0,0.0
2331038.6815129165,9.851257470737645,0.0233924632163414,,862.758278685447,693.9984165982005
2331041.5135571365,9.910445862943632,0.0242523175100384,,862.758278685447,693.9984165982005
2331042.4622734403,9.88204495646512,0.0249817047175244,,862.758278685447,693.9984165982005
2331043.404370622,9.862285698910096,0.0235834961143613,,862.758278685447,693.9984165982005
2331044.3501201198,9.87995694812894,0.0235791867873921,,862.758278685447,693.9984165982005
2331049.0745791364,9.910697993910022,0.0226937317511851,,862.758278685447,693.9984165982005
2331050.9695439716,9.846810185164207,0.0230064254846913,,862.758278685447,693.9984165982005
2331052.86485978,9.86935971407443,0.0217694709546858,,862.758278685447,693.9984165982005
,,,,862.758278685447,693.9984165982005
,,,,862.758278685447,693.9984165982005
,,,,862.758278685447,693.9984165982005
,,,,862.758278685447,693.9984165982005
,,,,862.758278685447,693.9984165982005
,,,,862.758278685447,693.9984165982005
,,,,862.758278685447,693.9984165982005
,,,,862.758278685447,693.9984165982005
,,,,862.758278685447,693.9984165982005
,,,,862.758278685447,693.9984165982005
,,,,862.758278685447,693.9984165982005
,,,,862.758278685447,693.9984165982005
,,,,862.758278685447,693.9984165982005
,,,,862.758278685447,693.9984165982005
,,,,-9999.99,-9999.99
,,,,862.758278685447,693.9984165982005
,,,,862.758278685447,693.9984165982005
,,,,862.758278685447,693.9984165982005
,,,,862.758278685447,693.9984165982005
,,,,862.758278685447,693.9984165982005
,,,,862.758278685447,693.9984165982005
,,,,862.758278685447,693.9984165982005
,,,,862.758278685447,693.9984165982005
,,,,862.758278685447,693.9984165982005
,,,,862.758278685447,693.9984165982005
,,,,862.758278685447,693.9984165982005
,,,,862.758278685447,693.9984165982005
,,,,0.0,0.0
,,,,862.758278685447,693.9984165982005
,,,,862.758278685447,693.9984165982005
,,,,862.758278685447,693.9984165982005
,,,,862.758278685447,693.9984165982005
,,,,862.758278685447,693.9984165982005
,,,,862.758278685447,693.9984165982005
,,,,862.758278685447,693.9984165982005
,,,,862.758278685447,693.9984165982005
,,,,862.758278685447,693.9984165982005
,,,,862.758278685447,693.9984165982005
,,,,862.758278685447,693.9984165982005
,,,,862.758278685447,693.9984165982005
,,,,862.758278685447,693.9984165982005
,,,,862.758278685447,693.9984165982005
,,,,862.758278685447,693.9984165982005
,,,,862.758278685447,693.9984165982005
,,,,862.758278685447,693.9984165982005
,,,,862.758278685447,693.9984165982005
,,,,862.758278685447,693.9984165982005
,,,,862.758278685447,693.9984165982005
,,,,862.758278685447,693.9984165982005
,,,,862.758278685447,693.9984165982005
,,,,862.758278685447,693.9984165982005
,,,,862.758278685447,693.9984165982005
,,,,862.758278685447,693.9984165982005
,,,,862.758278685447,693.9984165982005
,,,,862.758278685447,693.9984165982005
,,,,862.758278685447,693.9984165982005
,,,,862.758278685447,693.9984165982005
,,,,862.758278685447,693.9984165982005
,,,,862.758278685447,693.9984165982005
,,,,862.758278685447,693.9984165982005
,,,,862.758278685447,693.9984165982005
,,,,862.758278685447,693.9984165982005
,,,,862.758278685447,693.9984165982005
,,,,862.758278685447,693.9984165982005
,,,,862.758278685447,693.9984165982005
,,,,862.758278685447,693.9984165982005
,,,,862.758278685447,693.9984165982005
,,,,862.758278685447,693.9984165982005
,,,,862.758278685447,693.9984165982005
,,,,862.758278685447,693.9984165982005
,,,,862.758278685447,693.9984165982005
,,,,862.758278685447,693.9984165982005
,,,,862.758278685447,693.9984165982005
,,,,862.758278685447,693.9984165982005
,,,,862.758278685447,693.9984165982005
,,,,862.758278685447,693.9984165982005
,,,,862.758278685447,693.9984165982005
,,,,862.758278685447,693.9984165982005
,,,,862.758278685447,693.9984165982005
,,,,862.758278685447,693.9984165982005
,,,,862.758278685447,693.9984165982005
,,,,862.758278685447,693.9984165982005
,,,,862.758278685447,693.9984165982005
,,,,862.758278685447,693.9984165982005
,,,,862.758278685447,693.9984165982005
,,,,862.758278685447,693.9984165982005
,,,,-9999.99,-9999.99
,,,,862.758278685447,693.9984165982005
,,,,0.0,0.0
,,,,862.758278685447,693.9984165982005
,,,,862.758278685447,693.9984165982005
,,,,862.758278685447,693.9984165982005
,,,,862.758278685447,693.9984165982005
,,,,862.758278685447,693.9984165982005
,,,,862.758278685447,693.9984165982005
,,,,862.758278685447,693.9984165982005
,,,,862.758278685447,693.9984165982005
,,,,862.758278685447,693.9984165982005
,,,,862.758278685447,693.9984165982005
,,,,862.758278685447,693.9984165982005
,,,,862.758278685447,693.9984165982005
,,,,862.758278685447,693.9984165982005
,,,,862.758278685447,693.9984165982005
,,,,862.758278685447,693.9984165982005
,,,,-9999.99,-9999.99
,,,,862.758278685447,693.9984165982005
,,,,862.758278685447,693.9984165982005
,,,,862.758278685447,693.9984165982005
,,,,862.758278685447,693.9984165982005
,,,,862.758278685447,693.9984165982005
,,,,862.758278685447,693.9984165982005
,,,,862.758278685447,693.9984165982005
,,,,862.758278685447,693.9984165982005
,,,,-9999.99,-9999.99
,,,,0.0,0.0
,,,,862.758278685447,693.9984165982005
,,,,862.758278685447,693.9984165982005
,,,,862.758278685447,693.9984165982005
,,,,862.758278685447,693.9984165982005
,,,,862.758278685447,693.9984165982005
,,,,862.758278685447,693.9984165982005
,,,,862.758278685447,693.9984165982005
,,,,862.758278685447,693.9984165982005
,,,,0.0,0.0
,,,,-9999.99,-9999.99
,,,,862.758278685447,693.9984165982005
,,,,862.758278685447,693.9984165982005
,,,,862.758278685447,693.9984165982005
,,,,862.758278685447,693.9984165982005
,,,,0.0,0.0
,,,,862.758278685447,693.9984165982005
,,,,0.0,0.0
,,,,857.7423716776499,693.8674754552621
,,,,0.0,0.0
,,,,857.7423716776499,693.8674754552621
,,,,857.7423716776499,693.8674754552621
,,,,857.7423716776499,693.8674754552621
,,,,0.0,0.0
,,,,857.7423716776499,693.8674754552621
,,,,857.7423716776499,693.8674754552621
,,,,0.0,0.0
,,,,0.0,0.0
,,,,857.7423716776499,693.8674754552621
,,,,857.7423716776499,693.8674754552621
,,,,857.7423716776499,693.8674754552621
,,,,857.7423716776499,693.8674754552621
,,,,857.7423716776499,693.8674754552621
,,,,857.7423716776499,693.8674754552621
,,,,857.7423716776499,693.8674754552621
,,,,857.7423716776499,693.8674754552621
,,,,857.7423716776499,693.8674754552621
,,,,857.7423716776499,693.8674754552621
,,,,857.7423716776499,693.8674754552621
,,,,857.7423716776499,693.8674754552621
,,,,857.7423716776499,693.8674754552621
,,,,857.7423716776499,693.8674754552621
,,,,857.7423716776499,693.8674754552621
,,,,857.7423716776499,693.8674754552621
,,,,857.7423716776499,693.8674754552621
,,,,857.7423716776499,693.8674754552621
,,,,857.7423716776499,693.8674754552621
,,,,857.7423716776499,693.8674754552621
,,,,857.7423716776499,693.8674754552621
,,,,857.7423716776499,693.8674754552621
,,,,857.7423716776499,693.8674754552621
,,,,857.7423716776499,693.8674754552621
,,,,857.7423716776499,693.8674754552621
,,,,857.7423716776499,693.8674754552621
,,,,857.7423716776499,693.8674754552621
,,,,857.7423716776499,693.8674754552621
,,,,0.0,0.0
,,,,857.7423716776499,693.8674754552621
,,,,857.7423716776499,693.8674754552621
,,,,0.0,0.0
,,,,0.0,0.0
,,,,857.7423716776499,693.8674754552621
,,,,0.0,0.0
,,,,0.0,0.0
,,,,857.7423716776499,693.8674754552621
,,,,0.0,0.0
,,,,857.7423716776499,693.8674754552621
,,,,857.7423716776499,693.8674754552621
,,,,857.7423716776499,693.8674754552621
,,,,0.0,0.0
,,,,857.7423716776499,693.8674754552621
,,,,0.0,0.0
,,,,857.7423716776499,693.8674754552621
,,,,0.0,0.0
,,,,857.7423716776499,693.8674754552621
,,,,857.7423716776499,693.8674754552621
,,,,857.7423716776499,693.8674754552621
,,,,0.0,0.0
,,,,0.0,0.0
,,,,857.7423716776499,693.8674754552621
,,,,857.7423716776499,693.8674754552621
,,,,857.7423716776499,693.8674754552621
,,,,857.7423716776499,693.8674754552621
,,,,857.7423716776499,693.8674754552621
,,,,857.7423716776499,693.8674754552621
,,,,857.7423716776499,693.8674754552621
,,,,857.7423716776499,693.8674754552621
,,,,0.0,0.0
,,,,857.7423716776499,693.8674754552621
,,,,0.0,0.0
,,,,857.7423716776499,693.8674754552621
,,,,857.7423716776499,693.8674754552621
,,,,857.7423716776499,693.8674754552621
,,,,0.0,0.0
,,,,0.0,0.0
,,,,0.0,0.0
,,,,857.7423716776499,693.8674754552621
,,,,857.7423716776499,693.8674754552621
,,,,857.7423716776499,693.8674754552621
,,,,0.0,0.0
,,,,0.0,0.0
,,,,0.0,0.0
,,,,0.0,0.0
,,,,0.0,0.0
,,,,857.7423716776499,693.8674754552621
,,,,857.7423716776499,693.8674754552621
,,,,857.7423716776499,693.8674754552621
,,,,857.7423716776499,693.8674754552621
,,,,857.7423716776499,693.8674754552621
,,,,857.7423716776499,693.8674754552621
,,,,0.0,0.0
,,,,857.7423716776499,693.8674754552621
,,,,0.0,0.0
,,,,857.7423716776499,693.8674754552621
,,,,857.7423716776499,693.8674754552621
,,,,0.0,0.0
,,,,857.7423716776499,693.8674754552621
,,,,857.7423716776499,693.8674754552621
,,,,857.7423716776499,693.8674754552621
,,,,0.0,0.0
,,,,0.0,0.0
,,,,0.0,0.0
,,,,857.7423716776499,693.8674754552621
,,,,0.0,0.0
,,,,0.0,0.0
,,,,0.0,0.0
,,,,0.0,0.0
,,,,0.0,0.0
,,,,857.7423716776499,693.8674754552621
,,,,857.7423716776499,693.8674754552621
,,,,857.7423716776499,693.8674754552621
,,,,857.7423716776499,693.8674754552621
,,,,857.7423716776499,693.8674754552621
,,,,857.7423716776499,693.8674754552621
,,,,857.7423716776499,693.8674754552621
,,,,0.0,0.0
,,,,857.7423716776499,693.8674754552621
,,,,0.0,0.0
,,,,857.7423716776499,693.8674754552621
,,,,857.7423716776499,693.8674754552621
,,,,857.7423716776499,693.8674754552621
,,,,0.0,0.0
,,,,0.0,0.0
,,,,857.7423716776499,693.8674754552621
,,,,857.7423716776499,693.8674754552621
,,,,857.7423716776499,693.8674754552621
,,,,857.7423716776499,693.8674754552621
,,,,857.7423716776499,693.8674754552621
,,,,857.7423716776499,693.8674754552621
,,,,857.7423716776499,693.8674754552621
,,,,857.7423716776499,693.8674754552621
,,,,857.7423716776499,693.8674754552621
,,,,857.7423716776499,693.8674754552621
,,,,857.7423716776499,693.8674754552621
,,,,857.7423716776499,693.8674754552621
,,,,857.7423716776499,693.8674754552621
,,,,857.7423716776499,693.8674754552621
,,,,0.0,0.0
,,,,857.7423716776499,693.8674754552621
,,,,857.7423716776499,693.8674754552621
,,,,857.7423716776499,693.8674754552621
,,,,857.7423716776499,693.8674754552621
,,,,857.7423716776499,693.8674754552621
,,,,857.7423716776499,693.8674754552621
,,,,857.7423716776499,693.8674754552621
,,,,857.7423716776499,693.8674754552621
,,,,857.7423716776499,693.8674754552621
,,,,857.7423716776499,693.8674754552621
,,,,857.7423716776499,693.8674754552621
,,,,0.0,0.0
,,,,857.7423716776499,693.8674754552621
,,,,857.7423716776499,693.8674754552621
,,,,857.7423716776499,693.8674754552621
,,,,857.7423716776499,693.8674754552621
,,,,0.0,0.0
,,,,857.7423716776499,693.8674754552621
,,,,0.0,0.0
,,,,0.0,0.0
,,,,857.7423716776499,693.8674754552621
,,,,857.7423716776499,693.8674754552621
,,,,857.7423716776499,693.8674754552621
,,,,857.7423716776499,693.8674754552621
,,,,0.0,0.0
,,,,857.7423716776499,693.8674754552621
,,,,857.7423716776499,693.8674754552621
,,,,857.7423716776499,693.8674754552621
,,,,857.7423716776499,693.8674754552621
,,,,857.7423716776499,693.8674754552621
,,,,857.7423716776499,693.8674754552621
,,,,850.4768933265673,594.6723271980836
,,,,850.4768933265673,594.6723271980836
,,,,850.4768933265673,594.6723271980836
,,,,850.4768933265673,594.6723271980836
,,,,850.4768933265673,594.6723271980836
,,,,850.4768933265673,594.6723271980836
,,,,850.4768933265673,594.6723271980836
,,,,850.4768933265673,594.6723271980836
,,,,850.4768933265673,594.6723271980836
,,,,850.4768933265673,594.6723271980836
,,,,850.4768933265673,594.6723271980836
,,,,850.4768933265673,594.6723271980836
,,,,850.4768933265673,594.6723271980836
,,,,850.4768933265673,594.6723271980836
,,,,850.4768933265673,594.6723271980836
,,,,850.4768933265673,594.6723271980836
,,,,850.4768933265673,594.6723271980836
,,,,850.4768933265673,594.6723271980836
,,,,850.4768933265673,594.6723271980836
,,,,850.4768933265673,594.6723271980836
,,,,850.4768933265673,594.6723271980836
,,,,850.4768933265673,594.6723271980836
,,,,850.4768933265673,594.6723271980836
,,,,850.4768933265673,594.6723271980836
,,,,850.4768933265673,594.6723271980836
,,,,850.4768933265673,594.6723271980836
,,,,850.4768933265673,594.6723271980836
,,,,850.4768933265673,594.6723271980836
,,,,850.4768933265673,594.6723271980836
,,,,850.4768933265673,594.6723271980836
,,,,850.4768933265673,594.6723271980836
,,,,850.4768933265673,594.6723271980836
,,,,850.4768933265673,594.6723271980836
,,,,850.4768933265673,594.6723271980836
,,,,850.4768933265673,594.6723271980836
,,,,850.4768933265673,594.6723271980836
,,,,850.4768933265673,594.6723271980836
,,,,850.4768933265673,594.6723271980836
,,,,850.4768933265673,594.6723271980836
,,,,850.4768933265673,594.6723271980836
,,,,850.4768933265673,594.6723271980836
,,,,-9999.99,-9999.99
,,,,850.4768933265673,594.6723271980836
,,,,850.4768933265673,594.6723271980836
,,,,850.4768933265673,594.6723271980836
,,,,850.4768933265673,594.6723271980836
,,,,850.4768933265673,594.6723271980836
,,,,0.0,0.0
,,,,850.4768933265673,594.6723271980836
,,,,850.4768933265673,594.6723271980836
,,,,850.4768933265673,594.6723271980836
,,,,850.4768933265673,594.6723271980836
,,,,850.4768933265673,594.6723271980836
,,,,850.4768933265673,594.6723271980836
,,,,850.4768933265673,594.6723271980836
,,,,850.4768933265673,594.6723271980836
,,,,850.4768933265673,594.6723271980836
,,,,850.4768933265673,594.6723271980836
,,,,850.4768933265673,594.6723271980836
,,,,850.4768933265673,594.6723271980836
,,,,849.893554313582,601.7593982497738
,,,,849.893554313582,601.7593982497738
,,,,849.893554313582,601.7593982497738
,,,,849.893554313582,601.7593982497738
,,,,849.893554313582,601.7593982497738
,,,,0.0,0.0
,,,,0.0,0.0
,,,,0.0,0.0
,,,,0.0,0.0
,,,,0.0,0.0
,,,,841.3650610807916,601.4327635151085
,,,,841.3650610807916,601.4327635151085
,,,,841.3650610807916,601.4327635151085
,,,,841.3650610807916,601.4327635151085
,,,,841.3650610807916,601.4327635151085
,,,,-9999.99,-9999.99
,,,,841.3650610807916,601.4327635151085
,,,,-9999.99,-9999.99
,,,,-9999.99,-9999.99
,,,,841.3650610807916,601.4327635151085
,,,,841.3650610807916,601.4327635151085
,,,,841.3650610807916,601.4327635151085
,,,,841.3650610807916,601.4327635151085
,,,,841.3650610807916,601.4327635151085
,,,,841.3650610807916,601.4327635151085
,,,,841.3650610807916,601.4327635151085
,,,,841.3650610807916,601.4327635151085
,,,,841.3650610807916,601.4327635151085
,,,,-9999.99,-9999.99
,,,,841.3650610807916,601.4327635151085
,,,,841.3650610807916,601.4327635151085
,,,,841.3650610807916,601.4327635151085
,,,,841.3650610807916,601.4327635151085
,,,,0.0,0.0
,,,,841.3650610807916,601.4327635151085
,,,,0.0,0.0
,,,,0.0,0.0
,,,,841.3650610807916,601.4327635151085
,,,,841.3650610807916,601.4327635151085
,,,,841.3650610807916,601.4327635151085
,,,,841.3650610807916,601.4327635151085
,,,,841.3650610807916,601.4327635151085
,,,,841.3650610807916,601.4327635151085
,,,,841.3650610807916,601.4327635151085
,,,,841.3650610807916,601.4327635151085
,,,,841.3650610807916,601.4327635151085
,,,,0.0,0.0
,,,,841.3650610807916,601.4327635151085
,,,,841.3650610807916,601.4327635151085
,,,,841.3650610807916,601.4327635151085
,,,,831.5838562520881,569.8068520492061
,,,,0.0,0.0
,,,,831.5838562520881,569.8068520492061
,,,,831.5838562520881,569.8068520492061
,,,,831.5838562520881,569.8068520492061
,,,,831.5838562520881,569.8068520492061
,,,,0.0,0.0
,,,,831.5838562520881,569.8068520492061
,,,,0.0,0.0
,,,,831.5838562520881,569.8068520492061
,,,,831.5838562520881,569.8068520492061
,,,,831.5838562520881,569.8068520492061
,,,,0.0,0.0
,,,,831.5838562520881,569.8068520492061
,,,,0.0,0.0
,,,,831.5838562520881,569.8068520492061
,,,,0.0,0.0
,,,,831.5838562520881,569.8068520492061
,,,,0.0,0.0
,,,,831.5838562520881,569.8068520492061
,,,,0.0,0.0
,,,,831.5838562520881,569.8068520492061
,,,,0.0,0.0
,,,,831.5838562520881,569.8068520492061
,,,,831.5838562520881,569.8068520492061
,,,,831.5838562520881,569.8068520492061
,,,,0.0,0.0
,,,,831.5838562520881,569.8068520492061
,,,,0.0,0.0
,,,,831.5838562520881,569.8068520492061
,,,,831.5838562520881,569.8068520492061
,,,,0.0,0.0
,,,,831.5838562520881,569.8068520492061
,,,,0.0,0.0
,,,,0.0,0.0
,,,,831.5838562520881,569.8068520492061
,,,,0.0,0.0
,,,,831.5838562520881,569.8068520492061
,,,,0.0,0.0
,,,,831.5838562520881,569.8068520492061
,,,,0.0,0.0
,,,,0.0,0.0
,,,,0.0,0.0
,,,,831.5838562520881,569.8068520492061
,,,,0.0,0.0
,,,,0.0,0.0
,,,,831.5838562520881,569.8068520492061
,,,,0.0,0.0
,,,,0.0,0.0
,,,,831.5838562520881,569.8068520492061
,,,,0.0,0.0
,,,,831.5838562520881,569.8068520492061
,,,,0.0,0.0
,,,,831.5838562520881,569.8068520492061
,,,,0.0,0.0
,,,,831.5838562520881,569.8068520492061
,,,,831.5838562520881,569.8068520492061
,,,,831.5838562520881,569.8068520492061
,,,,831.5838562520881,569.8068520492061
,,,,831.5838562520881,569.8068520492061
,,,,831.5838562520881,569.8068520492061
,,,,831.5838562520881,569.8068520492061
,,,,831.5838562520881,569.8068520492061
,,,,831.5838562520881,569.8068520492061
,,,,831.5838562520881,569.8068520492061
,,,,831.5838562520881,569.8068520492061
,,,,831.5838562520881,569.8068520492061
,,,,831.5838562520881,569.8068520492061
,,,,831.5838562520881,569.8068520492061
,,,,831.5838562520881,569.8068520492061
,,,,0.0,0.0
,,,,831.5838562520881,569.8068520492061
,,,,0.0,0.0
,,,,831.5838562520881,569.8068520492061
,,,,0.0,0.0
,,,,0.0,0.0
,,,,831.5838562520881,569.8068520492061
,,,,831.5838562520881,569.8068520492061
,,,,831.5838562520881,569.8068520492061
,,,,0.0,0.0
,,,,0.0,0.0
,,,,0.0,0.0
,,,,831.5838562520881,569.8068520492061
,,,,831.5838562520881,569.8068520492061
,,,,831.5838562520881,569.8068520492061
,,,,0.0,0.0
,,,,831.5838562520881,569.8068520492061
,,,,831.5838562520881,569.8068520492061
,,,,831.5838562520881,569.8068520492061
,,,,831.5838562520881,569.8068520492061
,,,,831.5838562520881,569.8068520492061
,,,,831.5838562520881,569.8068520492061
,,,,831.5838562520881,569.8068520492061
,,,,831.5838562520881,569.8068520492061
,,,,831.5838562520881,569.8068520492061
,,,,831.5838562520881,569.8068520492061
,,,,831.5838562520881,569.8068520492061
,,,,831.5838562520881,569.8068520492061
,,,,0.0,0.0
,,,,831.5838562520881,569.8068520492061
,,,,831.5838562520881,569.8068520492061
,,,,0.0,0.0
,,,,0.0,0.0
,,,,831.5838562520881,569.8068520492061
,,,,831.5838562520881,569.8068520492061
,,,,831.5838562520881,569.8068520492061
,,,,0.0,0.0
,,,,831.5838562520881,569.8068520492061
,,,,831.5838562520881,569.8068520492061
,,,,0.0,0.0
,,,,0.0,0.0
,,,,831.5838562520881,569.8068520492061
,,,,0.0,0.0
,,,,831.5838562520881,569.8068520492061
,,,,831.5838562520881,569.8068520492061
,,,,0.0,0.0
,,,,0.0,0.0
,,,,831.5838562520881,569.8068520492061
,,,,831.5838562520881,569.8068520492061
,,,,831.5838562520881,569.8068520492061
,,,,831.5838562520881,569.8068520492061
,,,,831.5838562520881,569.8068520492061
,,,,831.5838562520881,569.8068520492061
,,,,831.5838562520881,569.8068520492061
,,,,831.5838562520881,569.8068520492061
,,,,831.5838562520881,569.8068520492061
,,,,831.5838562520881,569.8068520492061
,,,,831.5838562520881,569.8068520492061
,,,,831.5838562520881,569.8068520492061
,,,,831.5838562520881,569.8068520492061
,,,,831.5838562520881,569.8068520492061
,,,,831.5838562520881,569.8068520492061
,,,,831.5838562520881,569.8068520492061
,,,,831.5838562520881,569.8068520492061
,,,,831.5838562520881,569.8068520492061
,,,,831.5838562520881,569.8068520492061
,,,,831.5838562520881,569.8068520492061
,,,,831.5838562520881,569.8068520492061
,,,,831.5838562520881,569.8068520492061
,,,,0.0,0.0
,,,,831.5838562520881,569.8068520492061
,,,,831.5838562520881,569.8068520492061
,,,,831.5838562520881,569.8068520492061
,,,,831.5838562520881,569.8068520492061
,,,,831.5838562520881,569.8068520492061
,,,,831.5838562520881,569.8068520492061
,,,,831.5838562520881,569.8068520492061
,,,,831.5838562520881,569.8068520492061
,,,,831.5838562520881,569.8068520492061
,,,,0.0,0.0
,,,,831.5838562520881,569.8068520492061
,,,,831.5838562520881,569.8068520492061
,,,,0.0,0.0
,,,,831.5838562520881,569.8068520492061
,,,,831.5838562520881,569.8068520492061
,,,,831.5838562520881,569.8068520492061
,,,,831.5838562520881,569.8068520492061
,,,,831.5838562520881,569.8068520492061
,,,,831.5838562520881,569.8068520492061
,,,,831.5838562520881,569.8068520492061
,,,,831.5838562520881,569.8068520492061
,,,,831.5838562520881,569.8068520492061
,,,,0.0,0.0
,,,,831.5838562520881,569.8068520492061
,,,,831.5838562520881,569.8068520492061
,,,,831.5838562520881,569.8068520492061
,,,,831.5838562520881,569.8068520492061
,,,,831.5838562520881,569.8068520492061
,,,,831.5838562520881,569.8068520492061
,,,,831.5838562520881,569.8068520492061
,,,,831.5838562520881,569.8068520492061
,,,,831.5838562520881,569.8068520492061
,,,,831.5838562520881,569.8068520492061
,,,,831.5838562520881,569.8068520492061
,,,,831.5838562520881,569.8068520492061
,,,,831.5838562520881,569.8068520492061
,,,,830.2839799765494,569.3029516483944
,,,,830.2839799765494,569.3029516483944
,,,,830.2839799765494,569.3029516483944
,,,,830.2839799765494,569.3029516483944
,,,,830.2839799765494,569.3029516483944
,,,,830.2839799765494,569.3029516483944
,,,,830.2839799765494,569.3029516483944
,,,,830.2839799765494,569.3029516483944
,,,,830.2839799765494,569.3029516483944
,,,,830.2839799765494,569.3029516483944
,,,,830.2839799765494,569.3029516483944
,,,,830.2839799765494,569.3029516483944
,,,,830.2839799765494,569.3029516483944
,,,,830.2839799765494,569.3029516483944
,,,,830.2839799765494,569.3029516483944
,,,,830.2839799765494,569.3029516483944
,,,,830.2839799765494,569.3029516483944
,,,,830.2839799765494,569.3029516483944
,,,,830.2839799765494,569.3029516483944
,,,,830.2839799765494,569.3029516483944
,,,,830.2839799765494,569.3029516483944
,,,,830.2839799765494,569.3029516483944
,,,,830.2839799765494,569.3029516483944
,,,,830.2839799765494,569.3029516483944
,,,,830.2839799765494,569.3029516483944
,,,,830.2839799765494,569.3029516483944
,,,,830.2839799765494,569.3029516483944
,,,,830.2839799765494,569.3029516483944
,,,,830.2839799765494,569.3029516483944
,,,,830.2839799765494,569.3029516483944
,,,,830.2839799765494,569.3029516483944
,,,,830.2839799765494,569.3029516483944
,,,,830.2839799765494,569.3029516483944
,,,,830.2839799765494,569.3029516483944
,,,,830.2839799765494,569.3029516483944
,,,,830.2839799765494,569.3029516483944
,,,,830.2839799765494,569.3029516483944
,,,,830.2839799765494,569.3029516483944
,,,,830.2839799765494,569.3029516483944
,,,,830.2839799765494,569.3029516483944
,,,,830.2839799765494,569.3029516483944
,,,,830.2839799765494,569.3029516483944
,,,,830.2839799765494,569.3029516483944
,,,,830.2839799765494,569.3029516483944
,,,,830.2839799765494,569.3029516483944
,,,,830.2839799765494,569.3029516483944
,,,,-9999.99,-9999.99
,,,,830.2839799765494,569.3029516483944
,,,,830.2839799765494,569.3029516483944
,,,,830.2839799765494,569.3029516483944
,,,,0.0,0.0
,,,,830.2839799765494,569.3029516483944
,,,,830.2839799765494,569.3029516483944
,,,,830.2839799765494,569.3029516483944
,,,,830.2839799765494,569.3029516483944
,,,,830.2839799765494,569.3029516483944
,,,,830.2839799765494,569.3029516483944
,,,,-9999.99,-9999.99
,,,,830.2839799765494,569.3029516483944
,,,,830.2839799765494,569.3029516483944
,,,,830.2839799765494,569.3029516483944
,,,,830.2839799765494,569.3029516483944
,,,,830.2839799765494,569.3029516483944
,,,,830.2839799765494,569.3029516483944
,,,,830.2839799765494,569.3029516483944
,,,,830.2839799765494,569.3029516483944
,,,,830.2839799765494,569.3029516483944
,,,,0.0,0.0
,,,,830.2839799765494,569.3029516483944
,,,,830.2839799765494,569.3029516483944
,,,,830.2839799765494,569.3029516483944
,,,,830.2839799765494,569.3029516483944
,,,,830.2839799765494,569.3029516483944
,,,,830.2839799765494,569.3029516483944
,,,,830.2839799765494,569.3029516483944
,,,,830.2839799765494,569.3029516483944
,,,,-9999.99,-9999.99
,,,,830.2839799765494,569.3029516483944
,,,,830.2839799765494,569.3029516483944
,,,,830.2839799765494,569.3029516483944
,,,,830.2839799765494,569.3029516483944
,,,,830.2839799765494,569.3029516483944
,,,,830.2839799765494,569.3029516483944
,,,,830.2839799765494,569.3029516483944
,,,,830.2839799765494,569.3029516483944
,,,,830.2839799765494,569.3029516483944
,,,,830.2839799765494,569.3029516483944
,,,,830.2839799765494,569.3029516483944
,,,,830.2839799765494,569.3029516483944
,,,,830.2839799765494,569.3029516483944
,,,,0.0,0.0
,,,,830.2839799765494,569.3029516483944
,,,,830.2839799765494,569.3029516483944
,,,,830.2839799765494,569.3029516483944
,,,,830.2839799765494,569.3029516483944
,,,,830.2839799765494,569.3029516483944
,,,,-9999.99,-9999.99
,,,,830.2839799765494,569.3029516483944
,,,,830.2839799765494,569.3029516483944
,,,,830.2839799765494,569.3029516483944
,,,,830.2839799765494,569.3029516483944
,,,,830.2839799765494,569.3029516483944
,,,,830.2839799765494,569.3029516483944
,,,,830.2839799765494,569.3029516483944
,,,,830.2839799765494,569.3029516483944
,,,,830.2839799765494,569.3029516483944
,,,,-9999.99,-9999.99
,,,,830.2839799765494,569.3029516483944
,,,,830.2839799765494,569.3029516483944
,,,,830.2839799765494,569.3029516483944
,,,,0.0,0.0
,,,,830.2839799765494,569.3029516483944
,,,,830.2839799765494,569.3029516483944
,,,,830.2839799765494,569.3029516483944
,,,,830.2839799765494,569.3029516483944
,,,,830.2839799765494,569.3029516483944
,,,,830.2839799765494,569.3029516483944
,,,,0.0,0.0
,,,,830.2839799765494,569.3029516483944
,,,,830.2839799765494,569.3029516483944
,,,,830.2839799765494,569.3029516483944
,,,,830.2839799765494,569.3029516483944
,,,,830.2839799765494,569.3029516483944
,,,,830.2839799765494,569.3029516483944
,,,,830.2839799765494,569.3029516483944
,,,,830.2839799765494,569.3029516483944
,,,,830.2839799765494,569.3029516483944
,,,,830.2839799765494,569.3029516483944
,,,,830.2839799765494,569.3029516483944
,,,,830.2839799765494,569.3029516483944
,,,,830.2839799765494,569.3029516483944
,,,,830.2839799765494,569.3029516483944
,,,,830.2839799765494,569.3029516483944
,,,,830.2839799765494,569.3029516483944
,,,,830.2839799765494,569.3029516483944
,,,,830.2839799765494,569.3029516483944
,,,,830.2839799765494,569.3029516483944
,,,,830.2839799765494,569.3029516483944
,,,,830.2839799765494,569.3029516483944
,,,,830.2839799765494,569.3029516483944
,,,,0.0,0.0
,,,,830.2839799765494,569.3029516483944
,,,,830.2839799765494,569.3029516483944
,,,,-9999.99,-9999.99
,,,,-9999.99,-9999.99
,,,,830.2839799765494,569.3029516483944
,,,,830.2839799765494,569.3029516483944
,,,,830.2839799765494,569.3029516483944
,,,,830.2839799765494,569.3029516483944
,,,,830.2839799765494,569.3029516483944
,,,,830.2839799765494,569.3029516483944
,,,,830.2839799765494,569.3029516483944
,,,,830.2839799765494,569.3029516483944
,,,,830.2839799765494,569.3029516483944
,,,,830.2839799765494,569.3029516483944
,,,,830.2839799765494,569.3029516483944
,,,,830.2839799765494,569.3029516483944
,,,,830.2839799765494,569.3029516483944
,,,,830.2839799765494,569.3029516483944
,,,,830.2839799765494,569.3029516483944
,,,,830.2839799765494,569.3029516483944
,,,,830.2839799765494,569.3029516483944
,,,,830.2839799765494,569.3029516483944
,,,,830.2839799765494,569.3029516483944
,,,,830.2839799765494,569.3029516483944
,,,,830.2839799765494,569.3029516483944
,,,,830.2839799765494,569.3029516483944
,,,,830.2839799765494,569.3029516483944
,,,,830.2839799765494,569.3029516483944
,,,,830.2839799765494,569.3029516483944
,,,,830.2839799765494,569.3029516483944
,,,,830.2839799765494,569.3029516483944
,,,,830.2839799765494,569.3029516483944
,,,,830.2839799765494,569.3029516483944
,,,,830.2839799765494,569.3029516483944
,,,,830.2839799765494,569.3029516483944
,,,,830.2839799765494,569.3029516483944
,,,,830.2839799765494,569.3029516483944
,,,,830.2839799765494,569.3029516483944
,,,,830.2839799765494,569.3029516483944
,,,,830.2839799765494,569.3029516483944
,,,,830.2839799765494,569.3029516483944
,,,,830.2839799765494,569.3029516483944
,,,,830.2839799765494,569.3029516483944
,,,,830.2839799765494,569.3029516483944
,,,,830.2839799765494,569.3029516483944
,,,,830.2839799765494,569.3029516483944
,,,,830.2839799765494,569.3029516483944
,,,,830.2839799765494,569.3029516483944
,,,,830.2839799765494,569.3029516483944
,,,,830.2839799765494,569.3029516483944
,,,,830.2839799765494,569.3029516483944
,,,,830.2839799765494,569.3029516483944
,,,,0.0,0.0
,,,,830.2839799765494,569.3029516483944
,,,,830.2839799765494,569.3029516483944
,,,,830.2839799765494,569.3029516483944
,,,,830.2839799765494,569.3029516483944
,,,,830.2839799765494,569.3029516483944
,,,,830.2839799765494,569.3029516483944
,,,,830.2839799765494,569.3029516483944
,,,,830.2839799765494,569.3029516483944
,,,,830.2839799765494,569.3029516483944
,,,,830.2839799765494,569.3029516483944
,,,,830.2839799765494,569.3029516483944
,,,,830.2839799765494,569.3029516483944
,,,,830.2839799765494,569.3029516483944
,,,,830.2839799765494,569.3029516483944
,,,,0.0,0.0
,,,,830.2839799765494,569.3029516483944
,,,,830.2839799765494,569.3029516483944
,,,,830.2839799765494,569.3029516483944
,,,,830.2839799765494,569.3029516483944
,,,,0.0,0.0
,,,,0.0,0.0
,,,,830.2839799765494,569.3029516483944
,,,,-9999.99,-9999.99
,,,,830.2839799765494,569.3029516483944
,,,,830.2839799765494,569.3029516483944
,,,,830.2839799765494,569.3029516483944
,,,,830.2839799765494,569.3029516483944
,,,,830.2839799765494,569.3029516483944
,,,,830.2839799765494,569.3029516483944
,,,,830.2839799765494,569.3029516483944
,,,,830.2839799765494,569.3029516483944
,,,,0.0,0.0
,,,,0.0,0.0
,,,,0.0,0.0
,,,,0.0,0.0
,,,,0.0,0.0
,,,,0.0,0.0
,,,,0.0,0.0
,,,,0.0,0.0
,,,,0.0,0.0
,,,,0.0,0.0
,,,,0.0,0.0
,,,,0.0,0.0
,,,,0.0,0.0
,,,,0.0,0.0
,,,,0.0,0.0
,,,,0.0,0.0
,,,,0.0,0.0
,,,,0.0,0.0
,,,,0.0,0.0
,,,,0.0,0.0
,,,,0.0,0.0
,,,,0.0,0.0
,,,,0.0,0.0
,,,,0.0,0.0
,,,,0.0,0.0
,,,,0.0,0.0
,,,,0.0,0.0
,,,,0.0,0.0
,,,,0.0,0.0
,,,,0.0,0.0
,,,,0.0,0.0
,,,,0.0,0.0
,,,,0.0,0.0
,,,,0.0,0.0
,,,,0.0,0.0
,,,,0.0,0.0
,,,,0.0,0.0
,,,,0.0,0.0
,,,,0.0,0.0
,,,,0.0,0.0
,,,,0.0,0.0
,,,,0.0,0.0
,,,,0.0,0.0
,,,,0.0,0.0
,,,,0.0,0.0
,,,,0.0,0.0
,,,,0.0,0.0
,,,,0.0,0.0
,,,,0.0,0.0
,,,,0.0,0.0
,,,,0.0,0.0
,,,,0.0,0.0
,,,,0.0,0.0
,,,,0.0,0.0
,,,,0.0,0.0
,,,,0.0,0.0
,,,,0.0,0.0
,,,,0.0,0.0
,,,,0.0,0.0
,,,,0.0,0.0
,,,,0.0,0.0
,,,,0.0,0.0
,,,,0.0,0.0
,,,,0.0,0.0
,,,,0.0,0.0
,,,,0.0,0.0
,,,,0.0,0.0
,,,,0.0,0.0
,,,,0.0,0.0
,,,,0.0,0.0
,,,,0.0,0.0
,,,,0.0,0.0
,,,,0.0,0.0
,,,,0.0,0.0
,,,,0.0,0.0
,,,,0.0,0.0
,,,,0.0,0.0
,,,,0.0,0.0
,,,,0.0,0.0
,,,,0.0,0.0
,,,,0.0,0.0
,,,,0.0,0.0
,,,,0.0,0.0
,,,,0.0,0.0
,,,,0.0,0.0
,,,,0.0,0.0
,,,,0.0,0.0
,,,,0.0,0.0
,,,,0.0,0.0
,,,,0.0,0.0
,,,,0.0,0.0
,,,,0.0,0.0
,,,,0.0,0.0
,,,,0.0,0.0
,,,,0.0,0.0
,,,,0.0,0.0
,,,,0.0,0.0
,,,,0.0,0.0
,,,,0.0,0.0
,,,,0.0,0.0
,,,,0.0,0.0
,,,,0.0,0.0
,,,,0.0,0.0
,,,,0.0,0.0
,,,,0.0,0.0
,,,,0.0,0.0
,,,,0.0,0.0
,,,,0.0,0.0
,,,,0.0,0.0
,,,,0.0,0.0
,,,,0.0,0.0
,,,,0.0,0.0
,,,,0.0,0.0
,,,,0.0,0.0
,,,,0.0,0.0
,,,,0.0,0.0
,,,,0.0,0.0
,,,,0.0,0.0
,,,,0.0,0.0
,,,,0.0,0.0
,,,,0.0,0.0
,,,,0.0,0.0
,,,,0.0,0.0
,,,,0.0,0.0
,,,,0.0,0.0
,,,,0.0,0.0
,,,,0.0,0.0
,,,,0.0,0.0
,,,,0.0,0.0
,,,,0.0,0.0
,,,,0.0,0.0
,,,,0.0,0.0
,,,,0.0,0.0
,,,,0.0,0.0
,,,,0.0,0.0
,,,,0.0,0.0
,,,,0.0,0.0
,,,,0.0,0.0
,,,,0.0,0.0
,,,,0.0,0.0
,,,,0.0,0.0
,,,,0.0,0.0
,,,,0.0,0.0
,,,,0.0,0.0
,,,,0.0,0.0
,,,,0.0,0.0
,,,,0.0,0.0
,,,,0.0,0.0
,,,,0.0,0.0
,,,,0.0,0.0
,,,,0.0,0.0
,,,,0.0,0.0
,,,,0.0,0.0
,,,,0.0,0.0
,,,,0.0,0.0
,,,,0.0,0.0
,,,,0.0,0.0
,,,,0.0,0.0
,,,,0.0,0.0
,,,,0.0,0.0
,,,,0.0,0.0
,,,,0.0,0.0
,,,,0.0,0.0
,,,,0.0,0.0
,,,,0.0,0.0
,,,,0.0,0.0
,,,,0.0,0.0
,,,,0.0,0.0
,,,,0.0,0.0
,,,,0.0,0.0
,,,,0.0,0.0
,,,,0.0,0.0
,,,,0.0,0.0
,,,,0.0,0.0
,,,,0.0,0.0
,,,,0.0,0.0
,,,,0.0,0.0
,,,,0.0,0.0
,,,,0.0,0.0
,,,,0.0,0.0
,,,,0.0,0.0
,,,,0.0,0.0
,,,,0.0,0.0
,,,,0.0,0.0
,,,,0.0,0.0
,,,,0.0,0.0
,,,,0.0,0.0
,,,,0.0,0.0
,,,,0.0,0.0
,,,,0.0,0.0
,,,,0.0,0.0
,,,,0.0,0.0
,,,,0.0,0.0
,,,,0.0,0.0
,,,,0.0,0.0
,,,,0.0,0.0
,,,,0.0,0.0
,,,,0.0,0.0
,,,,0.0,0.0
,,,,0.0,0.0
,,,,0.0,0.0
,,,,0.0,0.0
,,,,0.0,0.0
,,,,0.0,0.0
,,,,0.0,0.0
,,,,0.0,0.0
,,,,0.0,0.0
,,,,0.0,0.0
,,,,0.0,0.0
,,,,0.0,0.0
,,,,0.0,0.0
,,,,0.0,0.0
,,,,0.0,0.0
,,,,0.0,0.0
,,,,0.0,0.0
,,,,0.0,0.0
,,,,0.0,0.0
,,,,0.0,0.0
,,,,0.0,0.0
,,,,0.0,0.0
,,,,0.0,0.0
,,,,0.0,0.0
,,,,0.0,0.0
,,,,0.0,0.0
,,,,0.0,0.0
,,,,0.0,0.0
,,,,0.0,0.0
,,,,0.0,0.0
,,,,0.0,0.0
,,,,0.0,0.0
,,,,0.0,0.0
,,,,0.0,0.0
,,,,0.0,0.0
,,,,0.0,0.0
,,,,0.0,0.0
,,,,0.0,0.0
,,,,0.0,0.0
,,,,0.0,0.0
,,,,0.0,0.0
,,,,0.0,0.0
,,,,0.0,0.0
,,,,0.0,0.0
,,,,0.0,0.0
,,,,0.0,0.0
,,,,0.0,0.0
,,,,0.0,0.0
,,,,0.0,0.0
,,,,0.0,0.0
,,,,0.0,0.0
,,,,0.0,0.0
,,,,0.0,0.0
,,,,0.0,0.0
,,,,0.0,0.0
,,,,0.0,0.0
,,,,0.0,0.0
,,,,0.0,0.0
,,,,0.0,0.0
,,,,0.0,0.0
,,,,0.0,0.0
,,,,0.0,0.0
,,,,0.0,0.0
,,,,0.0,0.0
,,,,0.0,0.0
,,,,0.0,0.0
,,,,0.0,0.0
,,,,0.0,0.0
,,,,0.0,0.0
,,,,0.0,0.0
,,,,0.0,0.0
,,,,0.0,0.0
,,,,0.0,0.0
,,,,0.0,0.0
,,,,0.0,0.0
,,,,0.0,0.0
,,,,0.0,0.0
,,,,0.0,0.0
,,,,0.0,0.0
,,,,0.0,0.0
,,,,0.0,0.0
,,,,0.0,0.0
,,,,0.0,0.0
,,,,0.0,0.0
,,,,0.0,0.0
,,,,0.0,0.0
,,,,0.0,0.0
,,,,0.0,0.0
,,,,0.0,0.0
,,,,0.0,0.0
,,,,0.0,0.0
,,,,0.0,0.0
,,,,0.0,0.0
,,,,0.0,0.0
,,,,0.0,0.0
,,,,0.0,0.0
,,,,0.0,0.0
,,,,0.0,0.0
,,,,0.0,0.0
,,,,0.0,0.0
,,,,0.0,0.0
,,,,0.0,0.0
,,,,0.0,0.0
,,,,0.0,0.0
,,,,0.0,0.0
,,,,0.0,0.0
,,,,0.0,0.0
,,,,0.0,0.0
,,,,0.0,0.0
,,,,0.0,0.0
,,,,0.0,0.0
,,,,0.0,0.0
,,,,0.0,0.0
,,,,0.0,0.0
,,,,0.0,0.0
,,,,0.0,0.0
,,,,0.0,0.0
,,,,0.0,0.0
,,,,0.0,0.0
,,,,0.0,0.0
,,,,0.0,0.0
,,,,0.0,0.0
,,,,0.0,0.0
,,,,0.0,0.0
,,,,0.0,0.0
,,,,0.0,0.0
,,,,0.0,0.0
,,,,0.0,0.0
,,,,0.0,0.0
,,,,0.0,0.0
,,,,0.0,0.0
,,,,0.0,0.0
,,,,0.0,0.0
,,,,0.0,0.0
,,,,0.0,0.0
,,,,0.0,0.0
,,,,0.0,0.0
,,,,0.0,0.0
,,,,0.0,0.0
,,,,0.0,0.0
,,,,0.0,0.0
,,,,0.0,0.0
,,,,0.0,0.0
,,,,0.0,0.0
,,,,0.0,0.0
,,,,0.0,0.0
,,,,0.0,0.0
,,,,0.0,0.0
,,,,0.0,0.0
,,,,0.0,0.0
,,,,0.0,0.0
,,,,0.0,0.0
,,,,0.0,0.0
,,,,0.0,0.0
,,,,0.0,0.0
,,,,0.0,0.0
,,,,0.0,0.0
,,,,0.0,0.0
,,,,0.0,0.0
,,,,0.0,0.0
,,,,0.0,0.0
,,,,0.0,0.0
,,,,0.0,0.0
,,,,0.0,0.0
,,,,0.0,0.0
,,,,0.0,0.0
,,,,0.0,0.0
,,,,0.0,0.0
,,,,0.0,0.0
,,,,0.0,0.0
,,,,0.0,0.0
,,,,0.0,0.0
,,,,0.0,0.0
,,,,0.0,0.0
,,,,0.0,0.0
,,,,0.0,0.0
,,,,0.0,0.0
,,,,0.0,0.0
,,,,0.0,0.0
,,,,0.0,0.0
,,,,0.0,0.0
,,,,0.0,0.0
,,,,0.0,0.0
,,,,0.0,0.0
,,,,0.0,0.0
,,,,0.0,0.0
,,,,0.0,0.0
,,,,0.0,0.0
,,,,0.0,0.0
,,,,0.0,0.0
,,,,0.0,0.0
,,,,0.0,0.0
,,,,0.0,0.0
,,,,0.0,0.0
,,,,0.0,0.0
,,,,0.0,0.0
,,,,0.0,0.0
,,,,0.0,0.0
,,,,0.0,0.0
,,,,0.0,0.0
,,,,0.0,0.0
,,,,0.0,0.0
,,,,0.0,0.0
,,,,0.0,0.0
,,,,0.0,0.0
,,,,0.0,0.0
,,,,0.0,0.0
,,,,0.0,0.0
,,,,0.0,0.0
,,,,0.0,0.0
,,,,0.0,0.0
,,,,0.0,0.0
,,,,0.0,0.0
,,,,0.0,0.0
,,,,0.0,0.0
,,,,0.0,0.0
,,,,0.0,0.0
,,,,0.0,0.0
,,,,0.0,0.0
,,,,0.0,0.0
,,,,0.0,0.0
,,,,0.0,0.0
,,,,0.0,0.0
,,,,0.0,0.0
,,,,0.0,0.0
,,,,0.0,0.0
,,,,0.0,0.0
,,,,0.0,0.0
,,,,0.0,0.0
,,,,0.0,0.0
,,,,0.0,0.0
,,,,0.0,0.0
,,,,0.0,0.0
,,,,0.0,0.0
,,,,0.0,0.0
,,,,0.0,0.0
,,,,0.0,0.0
,,,,0.0,0.0
,,,,0.0,0.0
,,,,0.0,0.0
,,,,0.0,0.0
,,,,0.0,0.0
,,,,0.0,0.0
,,,,0.0,0.0
,,,,0.0,0.0
,,,,0.0,0.0
,,,,0.0,0.0
,,,,0.0,0.0
,,,,0.0,0.0
,,,,0.0,0.0
,,,,0.0,0.0
,,,,0.0,0.0
,,,,0.0,0.0
,,,,0.0,0.0
,,,,0.0,0.0
,,,,0.0,0.0
,,,,0.0,0.0
,,,,0.0,0.0
,,,,0.0,0.0
,,,,0.0,0.0
,,,,0.0,0.0
,,,,0.0,0.0
,,,,0.0,0.0
,,,,0.0,0.0
,,,,0.0,0.0
,,,,0.0,0.0
,,,,0.0,0.0
,,,,0.0,0.0
,,,,0.0,0.0
,,,,0.0,0.0
,,,,0.0,0.0
,,,,0.0,0.0
,,,,0.0,0.0
,,,,0.0,0.0
,,,,0.0,0.0
,,,,0.0,0.0
,,,,0.0,0.0
,,,,0.0,0.0
,,,,0.0,0.0
,,,,0.0,0.0
,,,,0.0,0.0
,,,,0.0,0.0
,,,,0.0,0.0
,,,,796.3660623601072,534.495499589982
,,,,796.3660623601072,534.495499589982
,,,,796.3660623601072,534.495499589982
,,,,796.3660623601072,534.495499589982
,,,,796.3660623601072,534.495499589982
,,,,796.3660623601072,534.495499589982
,,,,796.3660623601072,534.495499589982
,,,,796.3660623601072,534.495499589982
,,,,796.3660623601072,534.495499589982
,,,,796.3660623601072,534.495499589982
,,,,796.3660623601072,534.495499589982
,,,,796.3660623601072,534.495499589982
,,,,796.3660623601072,534.495499589982
,,,,796.3660623601072,534.495499589982
,,,,796.3660623601072,534.495499589982
,,,,796.3660623601072,534.495499589982
,,,,796.3660623601072,534.495499589982
,,,,796.3660623601072,534.495499589982
,,,,796.3660623601072,534.495499589982
,,,,796.3660623601072,534.495499589982
,,,,796.3660623601072,534.495499589982
,,,,796.3660623601072,534.495499589982
,,,,796.3660623601072,534.495499589982
,,,,796.3660623601072,534.495499589982
,,,,796.3660623601072,534.495499589982
,,,,796.3660623601072,534.495499589982
,,,,796.3660623601072,534.495499589982
,,,,796.3660623601072,534.495499589982
,,,,796.3660623601072,534.495499589982
,,,,796.3660623601072,534.495499589982
,,,,796.3660623601072,534.495499589982
,,,,796.3660623601072,534.495499589982
,,,,796.3660623601072,534.495499589982
,,,,796.3660623601072,534.495499589982
,,,,796.3660623601072,534.495499589982
,,,,796.3660623601072,534.495499589982
,,,,796.3660623601072,534.495499589982
,,,,0.0,0.0
,,,,796.3660623601072,534.495499589982
,,,,796.3660623601072,534.495499589982
,,,,796.3660623601072,534.495499589982
,,,,0.0,0.0
,,,,796.3660623601072,534.495499589982
,,,,796.3660623601072,534.495499589982
,,,,796.3660623601072,534.495499589982
,,,,796.3660623601072,534.495499589982
,,,,796.3660623601072,534.495499589982
,,,,796.3660623601072,534.495499589982
,,,,796.3660623601072,534.495499589982
,,,,796.3660623601072,534.495499589982
,,,,796.3660623601072,534.495499589982
,,,,796.3660623601072,534.495499589982
,,,,796.3660623601072,534.495499589982
,,,,796.3660623601072,534.495499589982
,,,,796.3660623601072,534.495499589982
,,,,796.3660623601072,534.495499589982
,,,,796.3660623601072,534.495499589982
,,,,796.3660623601072,534.495499589982
,,,,0.0,0.0
,,,,796.3660623601072,534.495499589982
,,,,796.3660623601072,534.495499589982
,,,,796.3660623601072,534.495499589982
,,,,796.3660623601072,534.495499589982
,,,,796.3660623601072,534.495499589982
,,,,796.3660623601072,534.495499589982
,,,,796.3660623601072,534.495499589982
,,,,796.3660623601072,534.495499589982
,,,,796.3660623601072,534.495499589982
,,,,796.3660623601072,534.495499589982
,,,,796.3660623601072,534.495499589982
,,,,796.3660623601072,534.495499589982
,,,,796.3660623601072,534.495499589982
,,,,796.3660623601072,534.495499589982
,,,,796.3660623601072,534.495499589982
,,,,796.3660623601072,534.495499589982
,,,,796.3660623601072,534.495499589982
,,,,796.3660623601072,534.495499589982
,,,,796.3660623601072,534.495499589982
,,,,796.3660623601072,534.495499589982
,,,,796.3660623601072,534.495499589982
,,,,796.3660623601072,534.495499589982
,,,,796.3660623601072,534.495499589982
,,,,796.3660623601072,534.495499589982
,,,,796.3660623601072,534.495499589982
,,,,796.3660623601072,534.495499589982
,,,,796.3660623601072,534.495499589982
,,,,796.3660623601072,534.495499589982
,,,,796.3660623601072,534.495499589982
,,,,796.3660623601072,534.495499589982
,,,,796.3660623601072,534.495499589982
,,,,796.3660623601072,534.495499589982
,,,,796.3660623601072,534.495499589982
,,,,796.3660623601072,534.495499589982
,,,,796.3660623601072,534.495499589982
,,,,0.0,0.0
,,,,796.3660623601072,534.495499589982
,,,,796.3660623601072,534.495499589982
,,,,-9999.99,-9999.99
,,,,796.3660623601072,534.495499589982
,,,,0.0,0.0
,,,,796.3660623601072,534.495499589982
,,,,0.0,0.0
,,,,796.3660623601072,534.495499589982
,,,,796.3660623601072,534.495499589982
,,,,-9999.99,-9999.99
,,,,0.0,0.0
,,,,0.0,0.0
,,,,796.3660623601072,534.495499589982
,,,,796.3660623601072,534.495499589982
,,,,796.3660623601072,534.495499589982
,,,,796.3660623601072,534.495499589982
,,,,-9999.99,-9999.99
,,,,0.0,0.0
,,,,0.0,0.0
,,,,0.0,0.0
,,,,796.3660623601072,534.495499589982
,,,,796.3660623601072,534.495499589982
,,,,796.3660623601072,534.495499589982
,,,,796.3660623601072,534.495499589982
,,,,796.3660623601072,534.495499589982
,,,,0.0,0.0
,,,,796.3660623601072,534.495499589982
,,,,796.3660623601072,534.495499589982
,,,,796.3660623601072,534.495499589982
,,,,796.3660623601072,534.495499589982
,,,,796.3660623601072,534.495499589982
,,,,796.3660623601072,534.495499589982
,,,,796.3660623601072,534.495499589982
,,,,796.3660623601072,534.495499589982
,,,,796.3660623601072,534.495499589982
,,,,796.3660623601072,534.495499589982
,,,,796.3660623601072,534.495499589982
,,,,796.3660623601072,534.495499589982
,,,,796.3660623601072,534.495499589982
,,,,796.3660623601072,534.495499589982
,,,,796.3660623601072,534.495499589982
,,,,796.3660623601072,534.495499589982
,,,,796.3660623601072,534.495499589982
,,,,796.3660623601072,534.495499589982
,,,,796.3660623601072,534.495499589982
,,,,796.3660623601072,534.495499589982
,,,,796.3660623601072,534.495499589982
,,,,796.3660623601072,534.495499589982
,,,,796.3660623601072,534.495499589982
,,,,796.3660623601072,534.495499589982
,,,,796.3660623601072,534.495499589982
,,,,796.3660623601072,534.495499589982
,,,,796.3660623601072,534.495499589982
,,,,796.3660623601072,534.495499589982
,,,,796.3660623601072,534.495499589982
,,,,796.3660623601072,534.495499589982
,,,,796.3660623601072,534.495499589982
,,,,796.3660623601072,534.495499589982
,,,,796.3660623601072,534.495499589982
,,,,796.3660623601072,534.495499589982
,,,,796.3660623601072,534.495499589982
,,,,796.3660623601072,534.495499589982
,,,,796.3660623601072,534.495499589982
,,,,796.3660623601072,534.495499589982
,,,,796.3660623601072,534.495499589982
,,,,796.3660623601072,534.495499589982
,,,,796.3660623601072,534.495499589982
,,,,796.3660623601072,534.495499589982
,,,,800.4157962057518,534.8936266961496
,,,,800.4157962057518,534.8936266961496
,,,,800.4157962057518,534.8936266961496
,,,,800.4157962057518,534.8936266961496
,,,,800.4157962057518,534.8936266961496
,,,,800.4157962057518,534.8936266961496
,,,,800.4157962057518,534.8936266961496
,,,,800.4157962057518,534.8936266961496
,,,,800.4157962057518,534.8936266961496
,,,,800.4157962057518,534.8936266961496
,,,,800.4157962057518,534.8936266961496
,,,,800.4157962057518,534.8936266961496
,,,,800.4157962057518,534.8936266961496
,,,,800.4157962057518,534.8936266961496
,,,,800.4157962057518,534.8936266961496
,,,,800.4157962057518,534.8936266961496
,,,,800.4157962057518,534.8936266961496
,,,,800.4157962057518,534.8936266961496
,,,,800.4157962057518,534.8936266961496
,,,,800.4157962057518,534.8936266961496
,,,,800.4157962057518,534.8936266961496
,,,,800.4157962057518,534.8936266961496
,,,,800.4157962057518,534.8936266961496
,,,,800.4157962057518,534.8936266961496
,,,,800.4157962057518,534.8936266961496
,,,,800.4157962057518,534.8936266961496
,,,,800.4157962057518,534.8936266961496
,,,,800.4157962057518,534.8936266961496
,,,,800.4157962057518,534.8936266961496
,,,,800.4157962057518,534.8936266961496
,,,,800.4157962057518,534.8936266961496
,,,,800.4157962057518,534.8936266961496
,,,,800.4157962057518,534.8936266961496
,,,,800.4157962057518,534.8936266961496
,,,,800.4157962057518,534.8936266961496
,,,,800.4157962057518,534.8936266961496
,,,,800.4157962057518,534.8936266961496
,,,,800.4157962057518,534.8936266961496
,,,,800.4157962057518,534.8936266961496
,,,,800.4157962057518,534.8936266961496
,,,,800.4157962057518,534.8936266961496
,,,,800.4157962057518,534.8936266961496
,,,,800.4157962057518,534.8936266961496
,,,,800.4157962057518,534.8936266961496
,,,,800.4157962057518,534.8936266961496
,,,,800.4157962057518,534.8936266961496
,,,,800.4157962057518,534.8936266961496
,,,,800.4157962057518,534.8936266961496
,,,,800.4157962057518,534.8936266961496
,,,,800.4157962057518,534.8936266961496
,,,,800.4157962057518,534.8936266961496
,,,,800.4157962057518,534.8936266961496
,,,,800.4157962057518,534.8936266961496
,,,,800.4157962057518,534.8936266961496
,,,,800.4157962057518,534.8936266961496
,,,,800.4157962057518,534.8936266961496
,,,,800.4157962057518,534.8936266961496
,,,,800.4157962057518,534.8936266961496
,,,,800.4157962057518,534.8936266961496
,,,,800.4157962057518,534.8936266961496
,,,,800.4157962057518,534.8936266961496
,,,,800.4157962057518,534.8936266961496
,,,,800.4157962057518,534.8936266961496
,,,,800.4157962057518,534.8936266961496
,,,,800.4157962057518,534.8936266961496
,,,,800.4157962057518,534.8936266961496
,,,,800.4157962057518,534.8936266961496
,,,,800.4157962057518,534.8936266961496
,,,,800.4157962057518,534.8936266961496
,,,,800.4157962057518,534.8936266961496
,,,,800.4157962057518,534.8936266961496
,,,,800.4157962057518,534.8936266961496
,,,,0.0,0.0
,,,,800.4157962057518,534.8936266961496
,,,,800.4157962057518,534.8936266961496
,,,,800.4157962057518,534.8936266961496
,,,,800.4157962057518,534.8936266961496
,,,,800.4157962057518,534.8936266961496
,,,,800.4157962057518,534.8936266961496
,,,,800.4157962057518,534.8936266961496
,,,,800.4157962057518,534.8936266961496
,,,,800.4157962057518,534.8936266961496
,,,,800.4157962057518,534.8936266961496
,,,,800.4157962057518,534.8936266961496
,,,,800.4157962057518,534.8936266961496
,,,,800.4157962057518,534.8936266961496
,,,,800.4157962057518,534.8936266961496
,,,,800.4157962057518,534.8936266961496
,,,,800.4157962057518,534.8936266961496
,,,,800.4157962057518,534.8936266961496
,,,,0.0,0.0
,,,,0.0,0.0
,,,,800.4157962057518,534.8936266961496
,,,,800.4157962057518,534.8936266961496
,,,,800.4157962057518,534.8936266961496
,,,,800.4157962057518,534.8936266961496
,,,,800.4157962057518,534.8936266961496
,,,,800.4157962057518,534.8936266961496
,,,,0.0,0.0
,,,,800.4157962057518,534.8936266961496
,,,,800.4157962057518,534.8936266961496
,,,,800.4157962057518,534.8936266961496
,,,,0.0,0.0
,,,,800.4157962057518,534.8936266961496
,,,,800.4157962057518,534.8936266961496
,,,,800.4157962057518,534.8936266961496
,,,,800.4157962057518,534.8936266961496
,,,,800.4157962057518,534.8936266961496
,,,,800.4157962057518,534.8936266961496
,,,,800.4157962057518,534.8936266961496
,,,,0.0,0.0
,,,,800.4157962057518,534.8936266961496
,,,,800.4157962057518,534.8936266961496
,,,,800.4157962057518,534.8936266961496
,,,,800.4157962057518,534.8936266961496
,,,,800.4157962057518,534.8936266961496
,,,,800.4157962057518,534.8936266961496
,,,,800.4157962057518,534.8936266961496
,,,,0.0,0.0
,,,,0.0,0.0
,,,,800.4157962057518,534.8936266961496
,,,,800.4157962057518,534.8936266961496
,,,,800.4157962057518,534.8936266961496
,,,,0.0,0.0
,,,,0.0,0.0
,,,,0.0,0.0
,,,,0.0,0.0
,,,,0.0,0.0
,,,,0.0,0.0
,,,,0.0,0.0
,,,,0.0,0.0
,,,,0.0,0.0
,,,,0.0,0.0
,,,,0.0,0.0
,,,,0.0,0.0
,,,,0.0,0.0
,,,,800.4157962057518,534.8936266961496
,,,,800.4157962057518,534.8936266961496
,,,,800.4157962057518,534.8936266961496
,,,,800.4157962057518,534.8936266961496
,,,,800.4157962057518,534.8936266961496
,,,,800.4157962057518,534.8936266961496
,,,,800.4157962057518,534.8936266961496
,,,,800.4157962057518,534.8936266961496
,,,,800.4157962057518,534.8936266961496
,,,,800.4157962057518,534.8936266961496
,,,,800.4157962057518,534.8936266961496
,,,,800.4157962057518,534.8936266961496
,,,,0.0,0.0
,,,,800.4157962057518,534.8936266961496
,,,,800.4157962057518,534.8936266961496
,,,,800.4157962057518,534.8936266961496
,,,,800.4157962057518,534.8936266961496
,,,,800.4157962057518,534.8936266961496
,,,,800.4157962057518,534.8936266961496
,,,,800.4157962057518,534.8936266961496
,,,,800.4157962057518,534.8936266961496
,,,,800.4157962057518,534.8936266961496
,,,,800.4157962057518,534.8936266961496
,,,,800.4157962057518,534.8936266961496
,,,,800.4157962057518,534.8936266961496
,,,,800.4157962057518,534.8936266961496
,,,,800.4157962057518,534.8936266961496
,,,,800.4157962057518,534.8936266961496
,,,,800.4157962057518,534.8936266961496
,,,,800.4157962057518,534.8936266961496
,,,,800.4157962057518,534.8936266961496
,,,,800.4157962057518,534.8936266961496
,,,,800.4157962057518,534.8936266961496
,,,,800.4157962057518,534.8936266961496
,,,,800.4157962057518,534.8936266961496
,,,,800.4157962057518,534.8936266961496
,,,,800.4157962057518,534.8936266961496
,,,,800.4157962057518,534.8936266961496
,,,,800.4157962057518,534.8936266961496
,,,,800.4157962057518,534.8936266961496
,,,,800.4157962057518,534.8936266961496
,,,,800.4157962057518,534.8936266961496
,,,,800.4157962057518,534.8936266961496
,,,,800.4157962057518,534.8936266961496
,,,,800.4157962057518,534.8936266961496
,,,,800.4157962057518,534.8936266961496
,,,,800.4157962057518,534.8936266961496
,,,,800.4157962057518,534.8936266961496
,,,,800.4157962057518,534.8936266961496
,,,,800.4157962057518,534.8936266961496
,,,,800.4157962057518,534.8936266961496
,,,,800.4157962057518,534.8936266961496
,,,,800.4157962057518,534.8936266961496
,,,,800.4157962057518,534.8936266961496
,,,,800.4157962057518,534.8936266961496
,,,,800.4157962057518,534.8936266961496
,,,,800.4157962057518,534.8936266961496
,,,,800.4157962057518,534.8936266961496
,,,,800.4157962057518,534.8936266961496
,,,,800.4157962057518,534.8936266961496
,,,,800.4157962057518,534.8936266961496
,,,,833.3530369970207,541.0347756077649
,,,,833.3530369970207,541.0347756077649
,,,,833.3530369970207,541.0347756077649
,,,,833.3530369970207,541.0347756077649
,,,,833.3530369970207,541.0347756077649
,,,,833.3530369970207,541.0347756077649
,,,,833.3530369970207,541.0347756077649
,,,,833.3530369970207,541.0347756077649
,,,,833.6745710071943,541.523063267995
,,,,833.6745710071943,541.523063267995
,,,,833.6745710071943,541.523063267995
,,,,833.6745710071943,541.523063267995
,,,,833.6745710071943,541.523063267995
,,,,833.6745710071943,541.523063267995
,,,,833.6745710071943,541.523063267995
,,,,833.6745710071943,541.523063267995
,,,,823.5079846795023,538.5114991291639
,,,,823.5079846795023,538.5114991291639
,,,,823.5079846795023,538.5114991291639
,,,,823.5079846795023,538.5114991291639
,,,,823.5079846795023,538.5114991291639
,,,,823.5079846795023,538.5114991291639
,,,,823.5079846795023,538.5114991291639
,,,,823.5079846795023,538.5114991291639
,,,,824.775986949126,570.3459370716787
,,,,824.775986949126,570.3459370716787
,,,,824.775986949126,570.3459370716787
,,,,824.775986949126,570.3459370716787
,,,,824.775986949126,570.3459370716787
,,,,824.775986949126,570.3459370716787
,,,,824.775986949126,570.3459370716787
,,,,824.775986949126,570.3459370716787
,,,,824.775986949126,570.3459370716787
,,,,824.775986949126,570.3459370716787
,,,,824.775986949126,570.3459370716787
,,,,824.775986949126,570.3459370716787
,,,,824.775986949126,570.3459370716787
,,,,827.3698093552679,567.2056520089427
,,,,827.3698093552679,567.2056520089427
,,,,827.3698093552679,567.2056520089427
,,,,827.3698093552679,567.2056520089427
,,,,827.3698093552679,567.2056520089427
,,,,827.3698093552679,567.2056520089427
,,,,827.3698093552679,567.2056520089427
,,,,827.3698093552679,567.2056520089427
,,,,827.3698093552679,567.2056520089427
,,,,827.3698093552679,567.2056520089427
,,,,827.3698093552679,567.2056520089427
,,,,827.3698093552679,567.2056520089427
,,,,827.3698093552679,567.2056520089427
,,,,827.3698093552679,567.2056520089427
,,,,827.3698093552679,567.2056520089427
,,,,827.3698093552679,567.2056520089427
,,,,827.3698093552679,567.2056520089427
,,,,827.3698093552679,567.2056520089427
,,,,827.3698093552679,567.2056520089427
,,,,827.3698093552679,567.2056520089427
,,,,827.3698093552679,567.2056520089427
,,,,827.3698093552679,567.2056520089427
,,,,0.0,0.0
,,,,827.3698093552679,567.2056520089427
,,,,827.3698093552679,567.2056520089427
,,,,827.3698093552679,567.2056520089427
,,,,827.3698093552679,567.2056520089427
,,,,827.3698093552679,567.2056520089427
,,,,827.3698093552679,567.2056520089427
,,,,827.3698093552679,567.2056520089427
,,,,827.3698093552679,567.2056520089427
,,,,827.3698093552679,567.2056520089427
,,,,827.3698093552679,567.2056520089427
,,,,827.3698093552679,567.2056520089427
,,,,827.3698093552679,567.2056520089427
,,,,827.3698093552679,567.2056520089427
,,,,827.3698093552679,567.2056520089427
,,,,827.3698093552679,567.2056520089427
,,,,827.3698093552679,567.2056520089427
,,,,827.3698093552679,567.2056520089427
,,,,827.3698093552679,567.2056520089427
,,,,827.3698093552679,567.2056520089427
,,,,827.3698093552679,567.2056520089427
,,,,827.3698093552679,567.2056520089427
,,,,827.3698093552679,567.2056520089427
,,,,827.3698093552679,567.2056520089427
,,,,827.3698093552679,567.2056520089427
,,,,827.3698093552679,567.2056520089427
,,,,827.3698093552679,567.2056520089427
,,,,827.3698093552679,567.2056520089427
,,,,827.3698093552679,567.2056520089427
,,,,827.3698093552679,567.2056520089427
,,,,827.3698093552679,567.2056520089427
,,,,827.3698093552679,567.2056520089427
,,,,827.3698093552679,567.2056520089427
,,,,827.3698093552679,567.2056520089427
,,,,827.3698093552679,567.2056520089427
,,,,827.3698093552679,567.2056520089427
,,,,827.3698093552679,567.2056520089427
,,,,0.0,0.0
,,,,827.3698093552679,567.2056520089427
,,,,827.3698093552679,567.2056520089427
,,,,827.3698093552679,567.2056520089427
,,,,827.3698093552679,567.2056520089427
,,,,827.3698093552679,567.2056520089427
,,,,827.3698093552679,567.2056520089427
,,,,827.3698093552679,567.2056520089427
,,,,827.3698093552679,567.2056520089427
,,,,827.3698093552679,567.2056520089427
,,,,827.3698093552679,567.2056520089427
,,,,827.3698093552679,567.2056520089427
,,,,827.3698093552679,567.2056520089427
,,,,827.3698093552679,567.2056520089427
,,,,827.3698093552679,567.2056520089427
,,,,827.3698093552679,567.2056520089427
,,,,827.3698093552679,567.2056520089427
,,,,827.3698093552679,567.2056520089427
,,,,827.3698093552679,567.2056520089427
,,,,827.3698093552679,567.2056520089427
,,,,827.3698093552679,567.2056520089427
,,,,827.3698093552679,567.2056520089427
,,,,827.3698093552679,567.2056520089427
,,,,827.3698093552679,567.2056520089427
,,,,827.3698093552679,567.2056520089427
,,,,827.3698093552679,567.2056520089427
,,,,827.3698093552679,567.2056520089427
,,,,827.3698093552679,567.2056520089427
,,,,827.3698093552679,567.2056520089427
,,,,827.3698093552679,567.2056520089427
,,,,827.3698093552679,567.2056520089427
,,,,827.3698093552679,567.2056520089427
,,,,827.3698093552679,567.2056520089427
,,,,827.3698093552679,567.2056520089427
,,,,827.3698093552679,567.2056520089427
,,,,827.3698093552679,567.2056520089427
,,,,827.3698093552679,567.2056520089427
,,,,823.9180288311505,570.5244493942741
,,,,823.9180288311505,570.5244493942741
,,,,823.9180288311505,570.5244493942741
,,,,823.9180288311505,570.5244493942741
,,,,823.9180288311505,570.5244493942741
,,,,823.9180288311505,570.5244493942741
,,,,823.9180288311505,570.5244493942741
,,,,823.9180288311505,570.5244493942741
,,,,823.9180288311505,570.5244493942741
,,,,823.9180288311505,570.5244493942741
