Toi_id,RA,Dec,lc-pri,col-pri
1,2.1755086,63.0093535,A,1-b
2,4.7942272,52.0343285,F,1-a
3,7.3382829,64.8140565,C,1-a
4,9.7554102,59.4680639,B,1-a
5,11.6177924,58.9057907,C,1-a
6,12.0930919,74.2992817,A,1-b
7,12.4480736,63.6361242,C,1-a
8,12.8670235,64.9477022,A,1-a
9,16.2504303,-5.6676941,A,1-a
10,22.5008221,63.1790352,C,1-a
11,23.9377908,58.2392579,C,1-a
12,25.2816773,63.7941582,C,1-a
13,28.4849633,64.4799356,C,1-a
14,48.5954605,59.2491743,C,1-b
15,52.0608341,58.493759,B,1-b
16,58.2176556,48.9866019,C,1-a
17,71.6737948,51.8185352,C,1-a
18,78.3588217,37.4525308,B,1-a
19,80.0742863,41.373336,C,1-a
20,80.2099386,31.9437721,C,1-b
21,81.5294915,38.489924,C,1-a
22,82.0933414,26.7809956,C,1-a
23,83.0580317,34.1004041,E,1-b
24,86.2504204,16.1020942,C,1-b
25,86.5772639,37.3680605,B,1-a
26,87.7227702,20.2478695,B,1-a
27,89.2315494,29.6023586,C,1-a
28,91.0208787,23.55132,C,1-a
29,92.5623978,20.7228179,B,1-a
30,92.7437246,12.7126029,C,1-a
31,94.5016059,22.3970209,C,1-a
32,96.4088721,27.0559466,C,1-a
33,99.7334615,54.4945739,C,1-a
34,99.9848147,13.1834016,B,1-a
35,100.9207777,56.3035827,A,1-a
36,101.3786292,-16.0937084,C,1-a
37,102.2895578,-34.8509728,G,1-a
38,105.1856014,-14.8491009,C,1-a
39,106.2136737,-11.3673481,B,1-a
40,107.1177781,-5.0642637,B,1-a
41,110.9861143,-12.6705771,C,1-b
42,113.3980137,-14.8636521,C,1-a
43,114.5081085,-18.5580685,C,1-a
44,115.716976,13.2361102,B,1-b
45,119.2715259,-37.8444807,G,1-b
46,119.5065733,-47.1959316,G,1-a
47,120.6027323,-53.8157978,G,1-a
48,121.8627307,-35.0690159,G,1-a
49,122.6127891,-38.4605295,G,1-b
50,125.7544479,-47.0863991,G,1-a
51,126.1395554,-32.6445124,G,1-b
52,126.1872995,-43.1316852,G,1-a
53,128.8641025,-46.4738427,G,1-a
54,128.896115,-40.1271956,G,1-a
55,130.8049146,-42.7823453,G,1-a
56,131.2888127,-38.8381981,G,1-a
57,134.5103324,-47.7192246,G,1-a
58,134.8861243,-48.1623326,G,1-a
59,135.1927005,-48.0162929,G,1-a
60,135.2705328,-50.7402184,G,1-a
61,138.8779333,-50.5315517,G,1-a
62,139.2492455,-52.3778723,G,1-a
63,139.2798899,-48.1241898,G,1-a
64,144.6810793,-55.2841499,G,1-b
65,144.9614671,-52.5747076,G,1-b
66,150.7024564,-56.1005897,G,1-a
67,150.8989068,-58.6659085,G,1-a
68,153.4685014,-57.6004904,G,1-a
69,153.8376678,-57.1183057,G,1-b
70,154.1973657,-53.4992655,G,1-a
71,157.0312209,-40.9898423,G,1-a
72,160.0365702,-57.3388766,G,1-a
73,160.6999509,-58.253551,G,1-a
74,162.0526038,-52.2055772,G,1-a
75,164.5684376,-57.3474142,G,1-a
76,165.0365704,-60.0510265,G,1-a
77,166.9763914,-60.5451263,G,1-a
78,168.7735931,-57.4914211,G,1-a
79,169.2417439,-58.985893,G,1-a
80,169.5976223,-61.027407,G,1-a
81,171.4691779,-63.4716924,G,1-a
82,172.7578438,-64.0117266,G,1-a
83,178.579893,-61.5216685,G,1-a
84,181.0032881,-60.7145979,G,1-a
85,181.2721366,-65.6118462,G,1-b
86,185.139495,-56.9716068,G,1-a
87,193.7060033,-61.0426508,G,1-a
88,198.9214844,-59.0341417,G,1-a
89,200.2524152,-65.143485,G,1-a
90,200.976969,-67.6224558,G,1-a
91,202.4648335,-63.2561709,G,1-b
92,204.6099443,-62.7673239,G,1-b
93,206.7360336,-65.1842035,G,1-b
94,208.8046745,-61.2114265,G,1-a
95,209.7764575,-63.5048399,G,1-b
96,211.1947193,-61.5698992,G,1-a
97,211.8398247,-59.3919453,G,1-b
98,213.3487888,-57.3903508,G,1-a
99,215.425015,-57.1041828,G,1-a
100,217.5902896,-53.9151572,G,1-a
101,217.9785842,-55.8681822,G,1-b
102,219.7127917,-60.1094139,G,1-a
103,224.0001357,-61.7685935,G,1-a
104,225.1058298,-73.3044734,G,1-a
105,225.26875,-56.5569997,G,1-a
106,225.9386407,-59.8143994,G,1-a
107,227.4781319,-58.842562,G,1-b
108,228.803589,-62.7762195,G,1-a
109,229.0418182,-59.8885413,G,1-a
110,229.0730007,-63.0780435,G,1-a
111,229.9120317,-56.5705002,G,1-b
112,230.1548082,-58.0554168,G,1-b
113,230.416061,-55.5461386,G,1-a
114,231.8518878,-55.0498911,G,1-b
115,234.014136,-56.823965,G,1-a
116,234.7194774,-42.7479845,G,1-a
117,236.0132289,-62.1616407,G,1-b
118,236.4876203,-65.4590243,G,1-b
119,237.8323277,-54.2657758,G,1-a
120,238.9083285,-55.8895272,G,1-b
121,240.5228351,-55.461583,G,1-a
122,241.6309454,-52.9379062,G,1-b
123,241.9411828,-59.234086,G,1-a
124,242.9843027,-57.924196,G,1-a
125,244.0526601,-54.7510521,G,1-b
126,246.3491972,-48.5919686,G,1-b
127,247.3348914,-62.5711332,G,1-b
128,248.3141428,-44.3975726,G,1-a
129,248.3570732,-50.3941087,G,1-a
130,248.7098088,-38.0384979,G,1-b
131,249.1600465,-48.2646173,G,1-b
132,249.4588049,-41.5029263,G,1-b
133,249.7865102,-33.3858148,G,1-b
134,250.3208351,-48.7701583,G,1-a
135,250.4955163,-48.666206,G,1-a
136,251.1022406,-48.2014234,G,1-a
137,251.1382929,-42.508966,G,1-b
138,251.1703624,-42.2562133,G,1-a
139,251.7694839,-47.13828,G,1-b
140,252.6599679,-53.751239,G,1-a
141,253.4466259,-41.981322,G,1-a
142,253.704053,-40.5476977,G,1-a
143,254.4672539,-44.7424654,G,1-a
144,254.7387381,-44.7017848,G,1-b
145,255.1580921,-45.2889189,G,1-b
146,255.2950364,-31.2979687,G,1-a
147,255.7976488,-37.6449193,G,1-a
148,255.9327917,-38.8574009,G,1-a
149,256.6815244,-38.6262535,G,1-b
150,256.9094752,-43.1721652,G,1-a
151,257.0276168,-42.2389112,G,1-a
152,257.1171746,-35.2083614,G,1-a
153,257.3235495,-40.7060096,G,1-b
154,257.6195914,-50.6636722,G,1-b
155,258.6227845,-44.2570227,G,1-a
156,258.7191643,-22.381821,C,1-b
157,258.8207495,-38.6573024,G,1-b
158,258.8344111,-35.4980699,G,1-a
159,259.0090651,-38.261864,G,1-a
160,259.3399936,-46.1506226,G,1-a
161,259.5640161,-34.2277623,G,1-a
162,259.9440434,-40.6255581,G,1-a
163,260.1852062,-43.1732516,G,1-b
164,260.1870689,-31.8421465,G,1-a
165,260.231497,-37.9999294,G,1-b
166,260.6023549,-18.2048925,F,1-b
167,260.9616924,-32.1040897,G,1-a
168,261.1501414,-30.4432043,G,1-b
169,261.1980033,-29.0718386,G,1-a
170,261.2539574,-44.0243877,G,1-a
171,261.4741862,-31.4058768,G,1-a
172,261.5218665,-26.2860563,D,1-b
173,262.3692809,-43.7780828,G,1-a
174,262.4658601,-10.2877775,B,1-a
175,262.6214504,-27.1056959,D,1-b
176,263.496092,-33.1372776,G,1-a
177,263.9709509,-36.6845538,G,1-a
178,263.9781732,-26.8629439,D,1-a
179,264.3588001,-22.1822935,A,1-b
180,264.4571908,-28.7248268,G,1-b
181,264.6541735,-28.2929207,G,1-a
182,265.4119947,-16.2629104,A,1-a
183,265.5137972,-27.8578614,D,1-a
184,265.738324,-36.3478071,G,1-a
185,265.8230262,-18.4006758,A,1-a
186,265.8687545,-37.841403,G,1-a
187,266.1905293,-36.3756335,G,1-b
188,266.69128,-25.0539209,C,1-a
189,266.7393049,-33.3271695,G,1-b
190,267.2137403,-33.104749,G,1-a
191,267.6321046,-23.662699,D,1-a
192,267.7030662,-31.0430655,G,1-a
193,267.7796673,-24.3992703,C,1-a
194,267.9033498,-22.1085218,A,1-a
195,268.3238895,-19.7757165,D,1-a
196,268.7611963,-27.935761,C,1-a
197,268.9938183,-16.7956536,B,1-a
198,269.2384316,-33.0506038,G,1-b
199,269.252014,-21.6595919,A,1-b
200,269.3484303,-6.5959043,B,1-b
201,269.401924,-6.3464578,C,1-a
202,269.4124052,-29.7680518,G,1-b
203,269.4573706,-7.8874953,A,1-a
204,269.458274,-18.4230046,A,1-a
205,270.1648994,-33.7645687,G,1-b
206,270.5322754,-34.4936991,G,1-b
207,270.8046691,-25.2250473,A,1-a
208,271.3009586,-17.6789914,F,1-a
209,271.4603768,-15.2171411,A,1-a
210,271.555801,-25.3164829,D,1-a
211,271.8895266,-16.0075046,D,1-b
212,272.5968692,-20.7213484,D,1-a
213,272.63807,-14.681394,B,1-b
214,272.6917655,-20.5447679,D,1-a
215,272.7216811,-18.9501776,D,1-a
216,272.8063287,-17.3055206,B,1-a
217,273.0829848,-15.0839906,A,1-b
218,273.3207124,-25.5264302,C,1-a
219,273.4568819,-18.0642856,A,1-a
220,273.9093832,-20.6460359,B,1-a
221,274.154385,-22.1487853,C,1-a
222,274.6515997,-18.2924684,A,1-a
223,275.0457025,-19.5815021,A,1-a
224,275.5995103,-27.7831678,A,1-a
225,275.6469007,-3.5370133,A,1-a
226,276.2577154,-23.1344353,A,1-a
227,276.3351513,-27.5132054,F,1-b
228,276.7068408,-24.7591213,B,1-a
229,276.85682,-12.6922015,D,1-a
230,277.0043786,-10.1546415,B,1-a
231,277.4326271,-19.0461747,C,1-a
232,277.5392904,-14.9737552,A,1-a
233,277.6771489,-11.0465568,F,1-b
234,277.9998505,-9.1929272,D,1-a
235,278.056376,5.0818067,A,1-a
236,278.3578352,-10.120518,B,1-b
237,278.5383809,-4.9637401,F,1-a
238,278.6789615,-9.6019232,C,1-a
239,279.0886461,-4.9723316,C,1-a
240,279.2064538,-11.5724423,A,1-a
241,279.2855327,-70.771467,G,1-a
242,279.5649573,-10.922098,F,1-b
243,279.7506292,-40.9080055,G,1-b
244,279.7673331,-3.4041542,A,1-a
245,280.0670711,-3.935832,D,1-a
246,280.0933719,-2.1666897,B,1-a
247,280.2411391,-4.438096,C,1-a
248,280.2603414,-0.6934399,B,1-a
249,280.4933622,-5.8053509,A,1-a
250,280.6927654,-12.9040899,A,1-a
251,281.0796867,-4.6720061,D,1-a
252,281.3786155,-2.5442128,C,1-a
253,282.5758012,-3.3191463,C,1-a
254,282.8767565,-0.6524667,A,1-b
255,283.3808935,5.5380817,A,1-b
256,283.6360475,0.1040029,B,1-b
257,283.8563581,-2.862712,A,1-a
258,284.6886791,1.9724415,D,1-a
259,284.7952739,3.5840596,B,1-b
260,285.0967305,-15.6543999,B,1-b
261,285.2878135,0.3334786,D,1-a
262,285.3096358,9.8167575,C,1-b
263,285.6723681,6.4835707,D,1-a
264,285.7912291,-30.3436498,G,1-a
265,285.9528482,6.7754538,B,1-b
266,285.9698918,14.5922172,A,1-b
267,286.0778176,1.5386409,E,1-b
268,287.0546935,4.3650289,A,1-a
269,287.2504027,9.6240924,A,1-a
270,287.3283767,3.0920137,D,1-a
271,287.5725474,6.8822702,B,1-b
272,287.9644096,12.4962671,B,1-b
273,288.1248036,12.5277005,D,1-a
274,288.1794519,5.8869763,A,1-a
275,288.3680965,11.6740615,B,1-a
276,288.5920021,10.1410738,B,1-a
277,289.2923981,32.0566793,A,1-a
278,289.3132009,10.2244808,B,1-a
279,289.5333292,16.2244403,C,1-a
280,289.834407,16.0863552,C,1-a
281,290.9541033,16.2427047,A,1-b
282,291.4326128,45.7505754,A,1-a
283,291.6818978,17.2626365,C,1-b
284,291.7446589,13.8874867,C,1-a
285,292.6952873,16.4546482,A,1-b
286,293.0549303,18.354115,C,1-b
287,294.279802,19.3252457,D,1-a
288,294.8723107,24.7511328,D,1-a
289,295.5097084,16.1035228,B,1-a
290,295.5765975,-20.5465352,A,1-a
291,296.1475877,26.2313397,A,1-b
292,296.541241,24.0497381,D,1-a
293,296.9163867,23.4441028,A,1-b
294,302.3008916,35.3958088,B,1-a
295,302.5886852,-0.2241434,F,1-a
296,303.7259788,41.1509737,C,1-a
297,304.3258975,40.668789,B,1-a
298,304.4688188,35.2885178,C,1-a
299,304.9838631,37.9019368,B,1-a
300,305.2438396,38.1638603,B,1-b
301,305.2861534,24.5481506,A,1-b
302,305.7533015,43.186566,A,1-b
303,306.0117901,35.7704049,D,1-a
304,306.5182692,38.0613852,D,1-a
305,307.9593969,41.8252222,B,1-b
306,308.0202251,41.4993324,C,1-b
307,308.1799072,41.0132131,C,1-a
308,309.6102804,42.8328421,C,1-b
309,309.9482469,48.9615584,B,1-b
310,312.2688896,45.1040538,B,1-a
311,313.2125651,51.2769181,D,1-b
312,316.6684109,47.9186776,D,1-b
313,317.5616976,31.4946361,F,1-a
314,317.8007102,52.2498796,D,1-a
315,317.857368,53.9353758,C,1-a
316,318.7089381,57.2759964,C,1-a
317,318.9482533,49.546454,D,1-a
318,319.5077922,55.3917313,B,1-a
319,320.8408805,58.3218231,B,1-a
320,322.0225544,49.6833822,B,1-a
321,328.1280537,57.1220046,D,1-a
322,336.3900794,62.3987939,B,1-b
323,336.7689193,-16.9967779,B,1-a
324,336.9430697,62.6805875,B,1-a
325,342.8903589,63.4140909,B,1-a
326,343.9027628,58.3893956,B,1-b
327,350.5434171,62.0091534,F,1-b
328,357.4091059,63.3583965,C,1-a
329,358.4865062,60.5127473,B,1-a
1001,1.5713216,61.5660457,F,1-c
1002,4.7043151,58.6229213,F,1-c
1003,7.5830364,64.2141493,D,1-c
1004,9.765211,65.53537,B,1-c
1005,12.524773,65.0726118,D,1-c
1006,12.5660767,65.036258,F,1-c
1007,13.9202607,67.5754215,F,1-c
1008,14.6096235,54.1608933,B,1-c
1009,18.4983399,61.2511649,F,1-c
1010,19.0570344,64.1422999,A,1-c
1011,19.3902612,63.3682556,F,1-c
1012,29.7912407,58.2376485,F,1-c
1013,35.2996922,63.6050917,F,1-c
1014,38.5219488,37.5646504,F,1-c
1015,39.0281014,63.419752,F,1-c
1016,44.3115362,56.1213344,F,1-c
1017,53.378179,60.8070583,F,1-c
1018,53.7731359,56.561196,F,1-c
1019,55.2080396,49.6982411,F,1-c
1020,60.8884907,49.7734596,F,1-c
1021,64.9676705,51.7409133,F,1-c
1022,65.2129796,58.8164897,F,1-c
1023,66.8696449,75.4077645,F,1-c
1024,67.3011496,44.7024355,F,1-c
1025,67.3670047,51.0169609,F,1-c
1026,72.5291419,30.4251591,D,1-c
1027,79.6114865,46.513004,F,1-c
1028,82.4724483,46.4813627,F,1-c
1029,86.7139293,23.6418191,F,1-c
1030,87.9435659,35.3719985,F,1-c
1031,89.2108955,48.5790699,F,1-c
1032,90.7673176,31.4475613,F,1-c
1033,93.2422766,-13.5103212,F,1-c
1034,95.4177287,-24.1904642,F,1-c
1035,95.5889266,16.573353,B,1-c
1036,95.6207964,9.2301796,F,1-c
1037,96.8540743,28.4741358,D,1-c
1038,100.3913113,-8.1078568,F,1-c
1039,101.2754948,-8.4721368,F,1-c
1040,101.9199488,-21.1818216,F,1-c
1041,104.7641059,9.4874957,F,1-c
1042,105.4080657,-41.4713359,G,1-c
1043,106.3907707,-1.2691261,F,1-c
1044,106.4333887,-22.4187046,F,1-c
1045,106.9566831,-15.8814692,F,1-c
1046,107.2990894,6.7050147,F,1-c
1047,107.3843002,-19.8273233,F,1-c
1048,107.7039494,-6.3668113,B,1-c
1049,108.6044474,-18.9121013,F,1-c
1050,108.7927896,-21.8964432,F,1-c
1051,109.1614966,-14.0158496,B,1-c
1052,109.3837645,-0.8649672,F,1-c
1053,109.6906967,-21.3921834,D,1-c
1054,111.4468615,-30.6054552,G,1-c
1055,112.2277095,-22.7170095,F,1-c
1056,112.2876002,-5.7933631,D,1-c
1057,114.6743958,-43.5942134,G,1-c
1058,115.0545348,-25.3502783,F,1-c
1059,115.1083186,-41.7308972,G,1-c
1060,115.1946758,-26.2185148,F,1-c
1061,116.5082211,-48.9713859,G,1-a
1062,117.2944669,-18.2280981,F,1-a
1063,117.4053184,-38.3455415,G,1-c
1064,118.4549072,-25.4279712,F,1-c
1065,122.2801618,-33.10459,G,1-c
1066,123.2765498,-41.2548781,G,1-c
1067,124.2489972,-39.7281536,G,1-c
1068,125.2463591,-37.0578087,G,1-c
1069,127.0685353,-38.4600284,G,1-c
1070,127.6139328,-34.9272161,G,1-c
1071,128.0413543,-43.392688,G,1-c
1072,128.8201457,-40.9910034,G,1-c
1073,129.0967069,-40.9547469,G,1-c
1074,130.0550107,-38.4462674,G,1-c
1075,130.1144801,-40.6425831,G,1-c
1076,132.1825295,-45.8966648,G,1-c
1077,132.9093882,-44.7973052,G,1-c
1078,134.1163151,-46.0630212,G,1-c
1079,134.3576647,17.3477753,F,1-c
1080,135.7822083,-40.2168265,G,1-c
1081,137.7351321,-54.8267954,G,1-c
1082,138.2501627,-54.7832564,G,1-c
1083,139.838331,-56.1496395,G,1-c
1084,140.2409251,-55.1255911,G,1-c
1085,141.3630919,-53.3780989,G,1-c
1086,145.3607921,-53.0552412,G,1-c
1087,145.4608267,-59.2267366,G,1-c
1088,145.8529897,-58.9367393,G,1-c
1089,146.173105,-62.7922897,G,1-c
1090,146.3819097,-54.7966019,G,1-c
1091,147.3248419,-57.6039057,G,1-c
1092,147.6258397,-54.2441382,G,1-c
1093,148.0701637,-58.7290338,G,1-c
1094,148.1131281,-60.4534438,G,1-c
1095,149.8160158,-64.8570246,G,1-c
1096,150.0357217,-62.0885755,G,1-c
1097,150.1680634,-51.1919697,G,1-c
1098,151.414004,-60.5850993,G,1-c
1099,151.815304,-52.6740032,G,1-c
1100,152.3013422,-65.6547268,G,1-c
1101,153.2946791,-46.7687601,G,1-c
1102,154.1367891,-60.5945607,G,1-c
1103,156.8622784,-56.2500466,G,1-c
1104,157.1721681,-57.2413152,G,1-c
1105,157.7748381,-62.7324976,G,1-c
1106,159.6827423,-60.4367832,G,1-c
1107,159.9625115,-59.9539338,G,1-c
1108,162.3348675,-60.2655789,G,1-c
1109,162.7840084,-60.6472705,G,1-c
1110,163.1391289,-56.5126004,G,1-c
1111,163.4541824,-48.8025267,G,1-c
1112,164.1134816,-58.585403,G,1-c
1113,165.2091897,-60.7686575,G,1-c
1114,165.3145542,-59.0861518,G,1-c
1115,166.9997897,-60.4792735,G,1-c
1116,167.3410799,-61.8156637,G,1-c
1117,167.515523,-62.4639572,G,1-c
1118,169.1362268,-60.1006127,G,1-a
1119,170.1201751,-65.2798178,G,1-a
1120,170.3092154,-58.7703063,G,1-c
1121,171.3974523,-60.354134,G,1-c
1122,172.4009224,-56.1759999,G,1-c
1123,172.566269,-63.4385597,G,1-c
1124,173.3525056,-64.1998251,G,1-c
1125,173.8906661,-64.4173746,G,1-c
1126,175.4120467,-60.333495,G,1-c
1127,175.9775102,-65.7186208,G,1-c
1128,176.6961198,-63.6333964,G,1-c
1129,178.0356791,-61.8950606,G,1-c
1130,180.5123789,-63.4665667,G,1-c
1131,181.7077226,-63.1996014,G,1-c
1132,181.7492335,-64.5760025,G,1-c
1133,182.549085,-63.895654,G,1-c
1134,182.5589155,-62.1728685,G,1-c
1135,183.9378956,-62.6343959,G,1-c
1136,184.2985733,-58.6000808,G,1-c
1137,185.5339929,-62.3035907,G,1-c
1138,186.0758728,-61.4090681,G,1-c
1139,186.5845076,-65.531815,G,1-c
1140,190.6937927,-65.0606969,G,1-c
1141,192.3863422,-64.8327752,G,1-c
1142,193.2203271,-65.1782679,G,1-c
1143,193.7230992,-54.1406269,G,1-c
1144,194.6400509,-74.3956609,G,1-c
1145,197.6603452,-63.9499984,G,1-c
1146,198.5730107,-64.0038692,G,1-c
1147,199.8210516,-63.7248385,G,1-c
1148,200.3584899,-65.7093587,G,1-c
1149,200.6826236,-65.7391183,G,1-c
1150,202.3960553,-61.8738649,G,1-c
1151,203.0343643,-64.9956484,G,1-c
1152,203.2001173,-61.1640579,G,1-c
1153,203.2564678,-61.7432673,G,1-c
1154,203.5873494,-59.790432,G,1-c
1155,203.6557806,-64.1854508,G,1-c
1156,203.9436389,-62.7208936,G,1-c
1157,204.0735591,-65.3489538,G,1-c
1158,204.2316913,-63.6745897,G,1-c
1159,205.3772993,-63.5799877,G,1-c
1160,207.8270241,-63.6006723,G,1-c
1161,210.6909306,-48.7973965,G,1-c
1162,210.8553378,-47.7438098,G,1-c
1163,211.7398693,-62.8260281,G,1-c
1164,211.992654,-62.5226459,G,1-c
1165,215.7402277,-58.4175677,G,1-c
1166,215.9320167,-62.9390714,G,1-c
1167,216.1915477,-58.0844633,G,1-c
1168,219.2341151,-62.4917081,G,1-a
1169,222.017434,-57.3434979,G,1-c
1170,225.9723204,-59.0153831,G,1-a
1171,226.0150124,-54.8624149,G,1-c
1172,229.7414888,-50.5208293,G,1-c
1173,230.2551113,-54.8023543,G,1-c
1174,230.279421,-59.4496533,G,1-c
1175,232.1450121,-57.3848709,G,1-c
1176,232.8986864,-59.7886542,G,1-c
1177,232.9845928,-58.3527959,G,1-c
1178,233.8251803,-58.5253873,G,1-c
1179,234.2736275,-57.1393893,G,1-c
1180,235.5583759,-56.2127439,G,1-c
1181,237.095659,-53.1288425,G,1-c
1182,237.9572678,-51.1347274,G,1-c
1183,239.7145265,-49.0321089,G,1-a
1184,240.3913002,-53.8489988,G,1-c
1185,240.7117694,-48.4147918,G,1-c
1186,241.2516539,-49.4821978,G,1-c
1187,241.3280349,-50.1428687,G,1-c
1188,241.5446132,-55.8514914,G,1-c
1189,241.7549882,-14.5795937,B,1-a
1190,242.4785411,-52.0058671,G,1-a
1191,243.1513793,-48.9303129,G,1-c
1192,243.3761305,-44.7727822,G,1-c
1193,243.8142646,-54.6037623,G,1-c
1194,245.4837153,-46.8515257,G,1-c
1195,245.596848,-47.1052384,G,1-c
1196,245.8117,-44.6419503,G,1-c
1197,249.0009457,-45.5830123,G,1-c
1198,249.4812099,-48.3050266,G,1-c
1199,250.8636096,-14.2000187,B,1-c
1200,250.8762406,-54.5124476,G,1-c
1201,250.9033899,-54.0496044,G,1-c
1202,252.3190963,-49.2233499,G,1-c
1203,252.4546909,-41.9466873,G,1-c
1204,252.5560273,-30.1017147,G,1-c
1205,252.6142928,-46.7556193,G,1-b
1206,253.390733,-44.3623215,G,1-b
1207,253.437665,-56.9777985,G,1-c
1208,254.1232203,-27.3281525,B,1-c
1209,254.6130962,-40.9025474,G,1-c
1210,255.7420451,-43.0171373,G,1-c
1211,255.9796671,-35.9096285,G,1-c
1212,255.9996576,-32.8230658,G,1-c
1213,256.4700549,-16.5712545,A,1-c
1214,257.2542901,-51.9975408,G,1-c
1215,257.6174714,-25.7983863,B,1-c
1216,257.8448664,-38.8046971,G,1-c
1217,257.9445517,-33.6383105,G,1-c
1218,258.7226392,-28.6296677,G,1-c
1219,259.5189161,-38.203212,G,1-c
1220,259.7854518,-43.8457265,G,1-a
1221,259.8042681,-41.9959869,G,1-a
1222,263.011468,-43.4850516,G,1-c
1223,263.1791039,-38.2428706,G,1-c
1224,263.2139513,-32.6408365,G,1-c
1225,264.4044636,-7.4744911,A,1-c
1226,264.5164739,-30.4283712,G,1-c
1227,264.582553,-20.60893,B,1-a
1228,264.7960057,-29.3686566,G,1-c
1229,264.94689,-58.2132884,G,1-a
1230,264.9583979,-25.6039529,D,1-c
1231,264.9952116,-27.3158248,D,1-c
1232,265.1581428,-33.935154,G,1-c
1233,265.9526632,-23.8176,B,1-a
1234,266.6877357,-28.2625452,G,1-c
1235,267.1718808,-29.97214,G,1-c
1236,268.1940975,-17.9527163,D,1-c
1237,268.346568,-21.6472156,D,1-c
1238,268.3585491,-30.0978849,G,1-c
1239,268.4030167,-29.8000017,G,1-a
1240,268.7670046,-25.8778266,C,1-c
1241,268.8406301,-28.1920148,G,1-a
1242,269.0121748,-25.3551059,B,1-c
1243,269.1196233,-28.8348021,G,1-c
1244,269.1807043,-13.7658549,D,1-c
1245,269.3542924,-23.0740224,A,1-c
1246,269.511001,-33.7367125,G,1-c
1247,269.5452464,-28.7411874,G,1-a
1248,270.0879709,-23.3674892,A,1-c
1249,270.2583492,-23.7121512,D,1-c
1250,270.7735858,-19.2977496,B,1-c
1251,270.9654115,-18.510858,B,1-c
1252,271.0085967,-28.6781531,G,1-c
1253,271.3405983,-26.9438557,D,1-b
1254,271.4967694,-17.1251783,F,1-c
1255,273.0424384,-12.8667099,B,1-c
1256,273.3118774,-14.6354437,D,1-c
1257,273.5002452,-13.7151122,A,1-c
1258,273.7207969,-16.1460853,D,1-c
1259,273.9600275,-20.9138057,A,1-c
1260,274.0192007,-15.8629688,B,1-c
1261,274.4338721,-25.4767354,D,1-a
1262,274.6299484,-15.2949065,D,1-c
1263,275.6515734,-13.6295964,F,1-c
1264,275.791419,-14.7534779,D,1-c
1265,275.8926718,-28.4991996,G,1-c
1266,276.1019286,-8.3271707,D,1-c
1267,276.6822255,-13.3883913,D,1-c
1268,276.7115728,-10.2770786,C,1-c
1269,276.8474434,-20.141719,A,1-c
1270,276.9352004,-15.5835397,D,1-c
1271,277.1978156,-4.8026367,B,1-c
1272,277.629838,-13.4791791,B,1-c
1273,277.6408489,-11.5841145,D,1-c
1274,277.8977814,-14.7531395,C,1-c
1275,278.1087248,-7.6006051,A,1-b
1276,278.1149344,-12.7615187,C,1-c
1277,278.1265583,-6.8648045,D,1-c
1278,278.4883435,-5.6402993,F,1-c
1279,278.698687,-18.6492663,D,1-a
1280,279.0547166,-2.101726,D,1-c
1281,279.2083391,-9.7750533,A,1-c
1282,279.2277761,-4.876069,D,1-c
1283,279.2906871,-4.67256,B,1-c
1284,279.3598257,-11.3253264,F,1-c
1285,279.4738561,-6.7065179,D,1-c
1286,279.5613584,-17.5256558,F,1-c
1287,279.6738959,-3.5583576,D,1-c
1288,279.8472486,-4.8253633,C,1-c
1289,279.9359423,-10.9027694,C,1-c
1290,279.9415035,-10.5342957,C,1-c
1291,280.1228274,-8.0726578,C,1-c
1292,280.2771941,-9.2951866,D,1-c
1293,280.4501032,2.6876763,F,1-c
1294,280.6214949,-0.3622564,F,1-b
1295,280.7487963,-1.5560444,F,1-c
1296,281.3356145,-4.5921941,D,1-c
1297,281.5136228,1.1054627,D,1-c
1298,281.5263511,1.5823764,F,1-c
1299,281.7506381,-6.4213991,D,1-b
1300,281.839772,-22.2003885,B,1-c
1301,282.3294036,1.5962001,D,1-c
1302,282.3961678,-9.6618231,D,1-c
1303,282.6718226,-0.1859218,F,1-c
1304,282.9327254,12.6842467,F,1-c
1305,283.406058,0.4930613,D,1-c
1306,283.6082831,10.1826859,D,1-c
1307,283.996808,4.2631277,B,1-c
1308,284.1738363,0.1295191,B,1-b
1309,284.3600382,13.8192983,A,1-c
1310,284.5714391,6.9080734,C,1-c
1311,284.5962424,7.8815799,D,1-c
1312,284.637859,-30.3255161,G,1-c
1313,285.5471799,7.8468598,D,1-c
1314,285.7754051,9.9915365,F,1-c
1315,285.8789661,8.2987175,F,1-c
1316,285.969286,13.5011484,D,1-c
1317,286.1799065,7.8389432,B,1-c
1318,286.4096821,8.6606951,D,1-c
1319,286.7575006,11.4362924,D,1-c
1320,286.8172686,5.7894511,C,1-c
1321,286.8919328,15.0683886,B,1-c
1322,287.0037492,14.0172984,F,1-c
1323,287.1651728,11.678112,F,1-c
1324,287.2698629,5.6229953,D,1-c
1325,287.6581855,9.792937,C,1-c
1326,287.6899364,13.7626211,F,1-c
1327,287.7898245,7.2937225,C,1-c
1328,287.9968373,10.4104134,B,1-c
1329,288.3331195,15.7399321,D,1-c
1330,288.375127,14.7500439,C,1-c
1331,288.402195,9.1815708,C,1-c
1332,288.7160224,14.4759697,F,1-c
1333,288.7964503,2.3835435,F,1-c
1334,289.350787,17.9556239,B,1-c
1335,289.7250396,17.6620816,C,1-c
1336,290.2748698,20.7982265,F,1-c
1337,290.7537791,11.8020556,B,1-b
1338,290.8276861,17.7524457,F,1-c
1339,290.8443112,14.4801265,C,1-c
1340,290.9798133,20.6485957,D,1-c
1341,291.1266046,14.2318089,B,1-c
1342,291.3959614,18.1144484,D,1-c
1343,291.4411986,24.1843473,F,1-c
1344,291.4556551,20.1537226,F,1-b
1345,291.5367111,23.4801155,F,1-c
1346,292.0194771,8.0720927,C,1-c
1347,292.1093243,27.2893211,F,1-c
1348,292.1368841,18.2800626,D,1-c
1349,292.1631198,19.042898,D,1-c
1350,292.3681105,23.4047223,D,1-c
1351,292.5083754,21.712857,C,1-c
1352,292.6513028,20.1704681,F,1-b
1353,292.8237728,18.1913946,D,1-c
1354,292.9424219,28.0743738,B,1-c
1355,293.1707802,24.8673149,F,1-c
1356,293.3726784,30.0694535,F,1-c
1357,293.3864839,21.1087198,D,1-b
1358,294.3377404,28.6489444,D,1-c
1359,294.3661454,20.1149323,C,1-c
1360,294.5155139,29.9830665,C,1-c
1361,294.5897413,26.9858137,F,1-c
1362,294.7044116,21.9038928,D,1-c
1363,294.7777393,25.2098595,B,1-c
1364,294.871844,24.1687615,C,1-c
1365,295.0448207,28.9699465,D,1-c
1366,295.2808009,34.2137463,F,1-c
1367,295.862681,30.9534932,F,1-c
1368,295.9029206,20.6058301,F,1-c
1369,295.920927,31.0071316,F,1-c
1370,296.1302598,-0.0943133,F,1-c
1371,296.3628142,26.2443678,D,1-c
1372,296.3851686,28.7466257,A,1-c
1373,296.5294152,34.259386,F,1-c
1374,296.534128,29.5613463,F,1-a
1375,296.6514138,39.0417847,F,1-c
1376,296.6968133,15.8170843,F,1-b
1377,296.7857664,30.8843963,D,1-c
1378,296.8338172,34.0635091,C,1-c
1379,296.956982,23.9076768,F,1-c
1380,296.9826816,9.4691346,F,1-c
1381,297.0711354,29.7993893,F,1-c
1382,297.0837644,28.4228147,F,1-c
1383,297.4408624,23.5188076,C,1-c
1384,297.6171189,32.7254869,B,1-c
1385,297.7518781,24.0974844,F,1-c
1386,298.5109437,12.01259,F,1-c
1387,298.6901505,32.9938362,F,1-c
1388,298.7062863,30.7325013,F,1-c
1389,299.2818326,30.5377802,A,1-c
1390,299.2989989,31.8404214,A,1-c
1391,299.8980533,28.6417277,C,1-c
1392,300.1303562,27.0111084,D,1-c
1393,300.1834117,32.2898193,F,1-c
1394,300.330674,33.3403113,D,1-c
1395,300.3700471,33.3562523,D,1-c
1396,300.7595474,38.7929266,F,1-c
1397,300.7598989,37.6142034,D,1-c
1398,300.9411406,33.7512278,B,1-c
1399,301.3810437,46.8181007,F,1-a
1400,301.458442,37.2662426,B,1-c
1401,301.5988238,34.9772611,C,1-c
1402,301.870612,30.9406637,D,1-c
1403,302.1063752,35.3092699,C,1-c
1404,302.4458668,32.9406277,F,1-c
1405,303.0806391,33.8138925,F,1-c
1406,303.1142759,40.73222,A,1-c
1407,303.1831913,36.137749,D,1-c
1408,303.3472745,33.3583786,D,1-c
1409,303.985916,45.1302065,D,1-c
1410,304.2219708,40.2619439,B,1-c
1411,304.6903686,35.0506348,D,1-c
1412,304.8155047,40.5061603,D,1-c
1413,305.1940118,34.3712865,C,1-c
1414,305.2496563,39.5109396,F,1-c
1415,306.0499877,35.7263716,F,1-c
1416,306.8075977,38.4139042,C,1-c
1417,306.8417116,52.0217979,F,1-c
1418,307.4380238,30.1443225,B,1-c
1419,309.3948459,35.2193333,F,1-c
1420,309.6079478,51.6946402,A,1-c
1421,309.906185,42.875144,D,1-c
1422,310.9035944,59.5477203,F,1-c
1423,310.9467256,45.2572471,B,1-c
1424,311.3716206,40.7641953,D,1-c
1425,311.5430584,43.1035652,A,1-c
1426,311.6868024,45.2176212,B,1-c
1427,311.9442324,48.4831262,D,1-c
1428,312.7266967,48.1560217,B,1-c
1429,315.015836,47.4424372,F,1-c
1430,316.0064379,56.7256379,F,1-a
1431,316.1142467,46.4975378,C,1-c
1432,316.8508399,45.0461506,F,1-c
1433,319.1476967,45.6283261,C,1-c
1434,319.6063158,52.0219844,D,1-c
1435,321.2814859,48.5357621,F,1-c
1436,322.7029656,49.5524805,B,1-c
1437,322.7220525,52.1932081,F,1-c
1438,322.8443432,53.081048,B,1-c
1439,325.9078017,62.0806462,C,1-c
1440,328.6736286,57.8739432,F,1-c
1441,328.7328713,58.984893,C,1-c
1442,331.5104939,58.6540727,F,1-c
1443,332.1217053,59.6182654,F,1-c
1444,333.9953816,42.3795001,A,1-c
1445,336.6815976,57.3944282,F,1-c
1446,338.823409,59.6368774,A,1-c
1447,339.6927619,55.8949133,F,1-c
1448,345.1461576,57.3036956,F,1-c
1449,346.3021103,57.5910943,F,1-c
1450,349.198284,-27.39273,D,1-c
1451,350.1448316,62.1364602,A,1-c
1452,350.5935283,75.5024143,B,1-c
1453,351.4906814,60.4282716,F,1-c
1454,354.7569088,53.9894446,F,1-c
1455,356.5405407,64.6037018,F,1-c
1456,359.0446005,72.3383264,F,1-c
2001,2.2493129,52.3562584,B,2-b
2002,2.5796092,65.3523172,C,2-b
2003,5.9215084,66.2028993,C,2-b
2004,7.4790519,63.3091057,C,2-b
2005,11.3320529,58.5051121,F,2-b
2006,11.3360858,41.7881027,B,2-b
2007,16.6506704,59.7693001,B,2-b
2008,24.975297,60.0965983,C,2-b
2009,30.1644281,60.5497874,B,2-b
2010,32.4087329,58.2108935,C,2-b
2011,37.7115295,61.5061619,C,2-b
2012,41.7242945,69.108724,C,2-b
2013,46.6569121,-60.6886224,G,2-b
2014,47.4506018,64.2989061,B,2-b
2015,48.1784911,43.4137855,A,2-a
2016,50.9582677,64.9463705,A,2-a
2017,52.4578509,57.025694,B,2-b
2018,54.7694333,53.7566376,C,2-b
2019,55.7331887,31.9783205,B,2-b
2020,56.8802979,58.4695843,E,2-a
2021,59.8381263,56.7477285,C,2-b
2022,63.2264356,51.0364756,F,2-a
2023,69.0832237,52.2365894,B,2-a
2024,69.1393852,47.455223,C,2-b
2025,70.0322902,48.8554422,C,2-b
2026,74.1703589,48.3494184,C,2-b
2027,77.0673097,36.8080414,C,2-b
2028,80.0790104,36.6095334,C,2-b
2029,81.955515,6.7774265,F,2-a
2030,86.4654322,35.0500213,F,2-a
2031,88.573197,-38.664233,G,2-b
2032,88.9480246,17.7306038,C,2-b
2033,89.1411648,30.3876511,B,2-a
2034,89.4740418,-14.0903684,B,2-b
2035,90.5075566,13.0074849,B,2-b
2036,91.3624831,25.0110225,B,2-b
2037,91.4640191,-15.6541097,B,2-a
2038,91.9818961,47.2156899,C,2-b
2039,95.66409,-5.3298684,B,2-b
2040,95.7825386,4.1757139,B,2-b
2041,96.0676259,5.611109,E,2-b
2042,97.5689274,-16.4937602,A,2-b
2043,97.7339477,-9.5330355,B,2-b
2044,97.822868,-29.1251783,G,2-b
2045,100.191904,6.0836394,B,2-b
2046,100.6789459,-11.6569536,E,2-a
2047,101.3152337,-55.0696395,G,2-a
2048,102.0442807,0.070605,D,2-b
2049,102.2268542,-42.8249321,G,2-a
2050,102.2571708,-4.6999668,C,2-b
2051,102.3321297,-32.2006049,G,2-b
2052,103.0374829,-19.298216,C,2-b
2053,104.3614707,-4.3074522,C,2-b
2054,104.8898815,-11.9913316,C,2-b
2055,106.4532405,-16.6465199,C,2-b
2056,107.1009427,-10.631947,C,2-b
2057,107.5614702,-18.4312325,C,2-b
2058,109.6635568,-24.9482228,C,2-b
2059,110.3206009,-16.7857988,C,2-b
2060,111.0797482,9.2088993,B,2-a
2061,111.2972312,-22.2465194,C,2-b
2062,112.3722431,-58.6912518,G,2-b
2063,112.389823,-24.1163087,C,2-b
2064,113.0950436,-31.1912375,G,2-a
2065,116.3411554,-34.683048,G,2-b
2066,117.0445988,-32.9406992,G,2-b
2067,118.1512531,-25.9332099,B,2-b
2068,122.7964284,-41.2853135,G,2-b
2069,122.8877168,-46.4260755,G,2-b
2070,123.1420114,-35.994864,G,2-b
2071,123.924881,-37.3560824,G,2-b
2072,125.2812765,-39.9480201,G,2-a
2073,126.275189,-42.001234,G,2-b
2074,126.9126391,-42.0374225,G,2-b
2075,128.6412688,-40.474238,G,2-a
2076,130.6949877,-40.9962618,G,2-b
2077,130.7863036,-41.2707828,G,2-b
2078,131.8820736,-43.7647118,G,2-a
2079,132.2332016,-43.574999,G,2-b
2080,132.3005848,-44.3836256,G,2-b
2081,134.8755934,-49.0848961,G,2-b
2082,138.0381093,-51.653995,G,2-b
2083,138.3676136,-49.7203444,G,2-b
2084,138.6658214,-50.6407793,G,2-a
2085,140.4745631,-52.221684,G,2-b
2086,140.7092574,-55.5037678,G,2-b
2087,140.8817343,-45.7014221,G,2-b
2088,144.0098444,-53.158356,G,2-b
2089,145.146196,-51.7215539,G,2-b
2090,146.0828618,-50.2823248,G,2-a
2091,146.7256039,-54.3629184,G,2-a
2092,151.0767611,-54.6627746,G,2-b
2093,151.1605726,-59.1814184,G,2-a
2094,151.775447,-49.42893,G,2-a
2095,152.4042133,-64.2299851,G,2-b
2096,152.5541978,-57.8625863,G,2-b
2097,152.6724187,-56.8827881,G,2-b
2098,153.2996627,-45.4971366,G,2-b
2099,153.8142153,-58.3436595,G,2-b
2100,154.7670167,-58.9914957,G,2-a
2101,155.5578054,-60.4455957,G,2-a
2102,155.5637605,-52.2242604,G,2-a
2103,156.1717532,-57.6751197,G,2-b
2104,156.2053976,-59.435917,G,2-a
2105,156.2525417,-55.4567654,G,2-b
2106,156.6615198,-53.9013712,G,2-a
2107,157.746877,-53.3505908,G,2-a
2108,158.964897,-57.0235518,G,2-b
2109,160.2263208,-54.4753772,G,2-b
2110,160.3596284,-61.9756279,G,2-a
2111,161.0703007,-53.908367,G,2-a
2112,161.1064871,-63.1390785,G,2-a
2113,161.5099081,-50.1832378,G,2-a
2114,162.8026685,-55.0441434,G,2-a
2115,162.8711794,-58.4619284,G,2-a
2116,163.4050757,-58.5183457,G,2-a
2117,163.6076046,-61.0949924,G,2-b
2118,164.2835798,-60.4067123,G,2-b
2119,164.4109033,-59.702114,G,2-a
2120,164.6252229,-62.1852327,G,2-b
2121,165.6481748,-60.8311124,G,2-a
2122,167.3103656,-64.8750449,G,2-a
2123,167.3866776,-65.7157797,G,2-a
2124,169.6254058,-57.3592163,G,2-a
2125,169.6932811,-56.2113648,G,2-b
2126,171.729803,-63.9072965,G,2-b
2127,172.4105103,-57.6637314,G,2-a
2128,172.5039666,-62.0452944,G,2-b
2129,172.7990867,-62.1882634,G,2-b
2130,172.9000805,-63.1244809,G,2-b
2131,173.3364108,-61.59034,G,2-a
2132,173.487457,-59.7173331,G,2-a
2133,175.1693346,-62.5738338,G,2-b
2134,175.2343881,-60.2099914,G,2-a
2135,175.4952384,-56.2259738,G,2-a
2136,176.4600376,-55.6076509,G,2-a
2137,176.7036726,-76.6403048,G,2-b
2138,177.078242,-55.0182267,G,2-a
2139,177.2021891,-60.6843367,G,2-a
2140,177.302273,-62.7993645,G,2-a
2141,178.7229233,-58.3652818,G,2-a
2142,178.8559048,-62.0668739,G,2-a
2143,179.3343478,-59.4379587,G,2-b
2144,179.967988,-62.2301399,G,2-b
2145,180.2460295,-61.150933,G,2-a
2146,180.367114,-64.7030248,G,2-a
2147,182.8254298,-18.5247054,C,2-b
2148,182.868051,-63.1189346,G,2-b
2149,183.5402244,-59.4654325,G,2-b
2150,183.8502558,-60.6931745,G,2-b
2151,184.1858591,-60.7623306,G,2-b
2152,184.3208207,-62.1508831,G,2-b
2153,184.5077004,-65.7957743,G,2-a
2154,184.708376,-62.3416805,G,2-b
2155,185.6115937,-63.3124945,G,2-b
2156,186.1583871,-70.4001214,G,2-b
2157,186.2335122,-75.9736099,G,2-a
2158,187.8955467,-63.2190354,G,2-b
2159,188.0375782,-63.5805092,G,2-b
2160,189.0289249,-63.7367426,G,2-a
2161,189.3938577,-63.7692237,G,2-b
2162,190.0300012,-60.8546292,G,2-a
2163,190.4996011,46.0122646,E,2-b
2164,191.5747037,-57.225489,G,2-a
2165,191.6166702,-63.3795009,G,2-b
2166,192.127625,-56.2684209,G,2-b
2167,193.1654839,-56.3249409,G,2-a
2168,193.31893,-60.4364465,G,2-b
2169,193.4812745,-65.9635235,G,2-b
2170,194.7834451,-63.5265513,G,2-b
2171,196.0661165,-67.6692507,G,2-a
2172,196.5605349,-71.2580215,G,2-a
2173,196.9256954,-66.1404192,G,2-a
2174,197.8682914,-63.7622617,G,2-a
2175,198.091807,-60.2078125,G,2-a
2176,198.8511381,-67.4228196,G,2-a
2177,198.8671307,-61.902775,G,2-a
2178,198.9343769,-64.7090191,G,2-a
2179,199.1707785,-63.8314504,G,2-b
2180,199.3034507,-71.1734465,G,2-a
2181,199.3606953,-63.1683889,G,2-b
2182,199.9415175,-62.502414,G,2-b
2183,200.5028562,-65.6206258,G,2-b
2184,201.1695024,-63.6461166,G,2-b
2185,201.179865,-60.2762856,G,2-b
2186,201.464262,-62.5647446,G,2-b
2187,201.7234724,-64.802404,G,2-b
2188,202.5046138,-63.2361884,G,2-a
2189,203.3892255,-62.5909465,G,2-a
2190,204.5607433,-49.528686,G,2-b
2191,204.9534433,-62.1017641,G,2-b
2192,205.208473,-70.6597679,G,2-a
2193,205.8017502,-58.8868653,G,2-a
2194,206.8288134,-62.3360579,G,2-b
2195,206.9386088,-69.4078459,G,2-a
2196,208.8168181,-65.6434264,G,2-a
2197,209.0346762,-63.0157439,G,2-b
2198,209.209168,-59.456956,G,2-a
2199,210.4058,-65.9085901,G,2-a
2200,210.717772,-65.1700374,G,2-a
2201,211.7770737,-58.9950785,G,2-b
2202,211.8908008,-63.879283,G,2-a
2203,212.6424304,-61.7366872,G,2-b
2204,212.8485809,-59.666694,G,2-b
2205,213.6400685,-54.8845304,G,2-b
2206,214.5867824,-61.0180382,G,2-b
2207,214.9366226,-61.1057602,G,2-b
2208,215.2114118,-61.5289247,G,2-b
2209,215.2913331,-61.0345175,G,2-b
2210,215.6891119,-61.4999001,G,2-b
2211,217.2832409,-56.1473233,G,2-b
2212,217.5082119,-70.2166437,G,2-a
2213,217.5643157,-66.7845359,G,2-b
2214,217.9893712,-47.3288987,G,2-a
2215,218.5935788,-69.5379859,G,2-a
2216,218.6040772,-63.1440707,G,2-a
2217,218.7036508,-59.9325403,G,2-a
2218,219.1814841,-62.181426,G,2-b
2219,219.8218071,-60.6111001,G,2-b
2220,220.0961633,-67.3337895,G,2-a
2221,220.1408324,-61.9771526,G,2-b
2222,220.5968802,-61.3723657,G,2-a
2223,221.2695697,-65.1141892,G,2-a
2224,222.3567229,-62.0116982,G,2-a
2225,222.3932355,-60.1350286,G,2-b
2226,222.5982065,-63.2096771,G,2-b
2227,222.6106926,-60.2207106,G,2-a
2228,222.646505,-57.655447,G,2-b
2229,223.2724578,-62.3287451,G,2-a
2230,223.6825758,-58.359471,G,2-a
2231,223.8794065,-54.0212333,G,2-a
2232,224.1250373,-42.1251397,G,2-a
2233,224.1753484,-51.1793244,G,2-b
2234,224.8718337,-58.735906,G,2-b
2235,225.008303,-59.2577619,G,2-b
2236,225.1539753,-62.2552393,G,2-a
2237,225.7279936,-14.2140104,C,2-b
2238,226.0536455,-53.5989256,G,2-a
2239,226.4920522,-52.1925079,G,2-a
2240,226.5499917,-53.8164484,G,2-a
2241,227.5606676,-53.7968295,G,2-a
2242,227.7978879,-53.3370443,G,2-b
2243,228.5195664,-50.8706934,G,2-a
2244,228.5561816,-41.7131466,G,2-a
2245,229.0820124,-60.8911687,G,2-a
2246,229.5015735,-55.9711119,G,2-a
2247,230.016058,-54.0380199,G,2-a
2248,230.0650014,-52.9880997,G,2-a
2249,230.2533079,-48.5443058,G,2-a
2250,231.2391393,-59.135284,G,2-b
2251,231.5178117,-70.0681673,G,2-a
2252,231.5867382,-26.5355358,F,2-a
2253,231.775079,-46.9148219,G,2-a
2254,231.83224,-61.9411831,G,2-a
2255,232.7424811,-57.8647154,G,2-b
2256,232.8563318,-52.7877429,G,2-a
2257,233.1889189,-57.064059,G,2-b
2258,233.6812124,-52.6533172,G,2-a
2259,234.1359962,-48.672889,G,2-a
2260,234.198301,-56.3627072,G,2-b
2261,234.5951587,-67.2669814,G,2-a
2262,234.6619906,-55.2417287,G,2-b
2263,234.687051,-58.2030102,G,2-a
2264,234.7036845,-56.4286027,G,2-b
2265,235.1574166,-58.3462038,G,2-a
2266,235.3006199,-46.5068042,G,2-b
2267,235.4461485,-54.7575136,G,2-a
2268,235.5893619,-58.2891516,G,2-a
2269,236.6283623,-56.5234378,G,2-b
2270,236.8410834,-57.519362,G,2-b
2271,237.1606186,-16.19475,B,2-a
2272,237.2294835,-55.9921822,G,2-b
2273,237.7038609,-53.4916025,G,2-b
2274,238.1906085,-57.2137146,G,2-a
2275,238.4169136,-49.4368484,G,2-b
2276,238.4331858,-49.3275598,G,2-a
2277,238.6433968,-56.0107524,G,2-a
2278,238.7723006,-52.844889,G,2-b
2279,239.1238689,9.0304397,A,2-a
2280,239.4354765,-52.8449811,G,2-b
2281,239.6376603,-46.3449912,G,2-a
2282,239.6569093,-48.6660362,G,2-b
2283,239.6656867,-53.5743779,G,2-a
2284,239.6837368,-56.5804505,G,2-b
2285,239.7908254,-44.115259,G,2-a
2286,239.9822567,-53.1774131,G,2-b
2287,240.2749021,-43.4907951,G,2-b
2288,240.505668,-49.8230268,G,2-b
2289,240.5940758,-48.6316107,G,2-b
2290,240.8200889,-51.7817718,G,2-b
2291,241.2244039,-51.8869064,G,2-a
2292,241.4903942,-47.6657222,G,2-a
2293,241.5294708,-54.3389863,G,2-b
2294,242.8107856,-53.1609965,G,2-a
2295,243.6988319,-53.5968347,G,2-a
2296,244.0574597,-48.3906298,G,2-a
2297,244.6192038,-58.9265724,G,2-a
2298,245.0124002,-48.8967504,G,2-b
2299,245.2031567,-53.158982,G,2-a
2300,245.7433297,-40.6930595,G,2-a
2301,245.9494604,-56.9085871,G,2-a
2302,246.1705408,-43.3652475,G,2-a
2303,246.2213278,-49.6313979,G,2-b
2304,246.7531576,-48.9336831,G,2-b
2305,246.8868739,-53.090103,G,2-a
2306,246.8968676,-43.0845796,G,2-a
2307,247.253061,-48.6183478,G,2-b
2308,247.3183422,-45.2030439,G,2-a
2309,247.7875324,-46.7756377,G,2-a
2310,247.8750108,-52.4331966,G,2-a
2311,248.1471753,-45.977162,G,2-a
2312,248.4222711,-46.7032434,G,2-a
2313,249.0853491,-45.8613772,G,2-a
2314,249.1843864,-53.4255464,G,2-a
2315,249.2521206,-48.8845093,G,2-b
2316,249.3010719,-45.814023,G,2-b
2317,249.4615894,-64.6945881,G,2-a
2318,249.4962475,-44.3875227,G,2-b
2319,249.4980952,-56.5560191,G,2-a
2320,249.5301453,-39.5770198,G,2-a
2321,249.5648388,-52.0598981,G,2-a
2322,249.6626984,-45.7273127,G,2-a
2323,249.9550795,-47.2026649,G,2-b
2324,250.2753585,-45.5865665,G,2-b
2325,250.3328248,-46.4733945,G,2-b
2326,250.3699317,-46.2006006,G,2-b
2327,250.4531726,-45.9541099,G,2-b
2328,250.6554148,-51.2754261,G,2-b
2329,250.8501578,-43.6165668,G,2-b
2330,251.144353,-51.8300136,G,2-a
2331,251.1563075,-47.3276567,G,2-b
2332,251.194965,-39.844179,G,2-b
2333,251.2464785,-45.0795,G,2-a
2334,251.4043203,-44.9409816,G,2-a
2335,251.4870419,-43.5027814,G,2-a
2336,251.6431476,-44.1216,G,2-b
2337,252.101204,-41.7367017,G,2-b
2338,252.2186254,-47.0632516,G,2-a
2339,253.2882947,-46.7265875,G,2-b
2340,253.3190214,-57.3504432,G,2-a
2341,253.4946986,-40.2864914,G,2-b
2342,253.5435771,-41.7742607,G,2-b
2343,253.5897422,-41.8179308,G,2-b
2344,253.6552776,-41.2178516,G,2-b
2345,253.7181512,-49.7516674,G,2-a
2346,253.8228414,-43.5076067,G,2-b
2347,253.8397792,-43.2004506,G,2-b
2348,254.2201395,-38.8486471,G,2-a
2349,254.4638601,-49.3650045,G,2-a
2350,254.5441032,-32.076881,G,2-a
2351,254.9081479,-40.1144641,G,2-b
2352,254.9228333,-37.6063349,G,2-a
2353,254.9315631,-31.6039661,G,2-a
2354,255.2430169,-50.2021997,G,2-b
2355,255.2562446,-39.0953701,G,2-b
2356,255.3257914,-31.1023673,G,2-a
2357,255.4298344,-33.7126006,G,2-a
2358,255.4882795,-41.8324558,G,2-b
2359,255.4988156,-35.6450371,G,2-a
2360,255.8615839,-45.3435394,G,2-b
2361,255.895551,-30.1326036,G,2-a
2362,255.9004892,-34.7044986,G,2-a
2363,256.2352837,-41.2310187,G,2-b
2364,256.3192091,-50.2889003,G,2-a
2365,256.4431766,-37.0639754,G,2-a
2366,256.7017835,-38.242392,G,2-b
2367,256.7319909,-38.7053466,G,2-a
2368,256.9815553,-52.1040644,G,2-b
2369,257.0220076,-38.0555984,G,2-a
2370,257.0430255,-2.3395336,F,2-a
2371,257.1524693,-33.5486789,G,2-a
2372,257.2687807,-43.1658823,G,2-a
2373,257.3841052,-45.2759285,G,2-a
2374,257.43435,-34.6739591,G,2-a
2375,257.5303505,-34.3028253,G,2-b
2376,257.6270483,-49.2170304,G,2-a
2377,257.7648946,-34.8592339,G,2-a
2378,257.8049548,-32.1659631,G,2-a
2379,257.8971202,-28.2096741,G,2-a
2380,258.0369928,-32.0572264,G,2-a
2381,258.0684667,-32.4136191,G,2-a
2382,258.1999541,-25.1850752,F,2-a
2383,258.2397009,-47.6473291,G,2-a
2384,258.2531121,-33.4249582,G,2-b
2385,258.4148007,-34.705927,G,2-b
2386,258.4989561,-37.8369235,G,2-a
2387,258.8237603,-34.0190915,G,2-a
2388,258.9362765,-27.4360397,F,2-a
2389,259.0531457,-28.4638806,G,2-b
2390,259.0654956,-29.0412555,G,2-a
2391,259.2074297,-50.6939817,G,2-b
2392,259.2815469,-43.20503,G,2-b
2393,259.4601931,-30.8108712,G,2-b
2394,259.4798222,-38.1115294,G,2-b
2395,259.5958931,-24.6373459,A,2-a
2396,259.6745677,-27.2687642,F,2-a
2397,259.7407323,-32.3609727,G,2-a
2398,259.7850425,-36.7944156,G,2-a
2399,259.8475006,-34.4734803,G,2-b
2400,259.9425832,-42.314197,G,2-a
2401,259.9810487,-33.926399,G,2-a
2402,260.1269224,-40.2094066,G,2-b
2403,260.147484,-35.9873862,G,2-b
2404,260.1984646,-32.7092977,G,2-a
2405,260.225509,-15.8066996,B,2-a
2406,260.3536175,-34.0075422,G,2-a
2407,260.359328,-44.3442345,G,2-a
2408,260.4260475,-34.0681014,G,2-b
2409,260.5694812,-28.2824675,G,2-b
2410,260.6377569,-32.0518104,G,2-a
2411,260.7196252,-37.9269443,G,2-b
2412,260.847799,-44.7240674,G,2-b
2413,260.9506434,-39.4211272,G,2-b
2414,260.9876777,-29.0043905,G,2-a
2415,261.0163138,-23.1729249,F,2-a
2416,261.0217657,-25.285023,A,2-a
2417,261.1296769,-29.9139064,G,2-a
2418,261.1736766,-17.1328226,F,2-a
2419,261.230571,-38.9355935,G,2-a
2420,261.26099,-28.6273233,G,2-a
2421,261.3295406,-28.7266609,G,2-a
2422,261.371165,-28.5217129,G,2-a
2423,261.3824666,-29.3581749,G,2-a
2424,261.6503124,-36.3917662,G,2-b
2425,261.739815,-29.9808212,G,2-a
2426,261.8967491,-28.869274,G,2-b
2427,261.9166377,-29.0003982,G,2-a
2428,262.0688367,-24.8443071,B,2-b
2429,262.0873551,-31.8119068,G,2-a
2430,262.1013249,-19.2240539,A,2-a
2431,262.2125932,-17.8880228,A,2-a
2432,262.4570265,-25.4136076,A,2-a
2433,262.6118316,-35.8242714,G,2-b
2434,262.7476911,-14.1247607,A,2-a
2435,262.7805052,-30.745238,G,2-a
2436,262.7979989,-31.9878067,G,2-a
2437,263.0712316,-26.8071033,B,2-a
2438,263.1228316,-27.4670585,D,2-b
2439,263.25231,-24.7424296,B,2-b
2440,263.3539971,-23.4748444,A,2-a
2441,263.3764787,-21.8543178,B,2-b
2442,263.4273523,-38.3663431,G,2-b
2443,263.4998104,-37.9964305,G,2-b
2444,263.5883309,-23.4896061,B,2-a
2445,263.7051062,-40.3559987,G,2-a
2446,263.8189175,-46.1757168,G,2-a
2447,263.9232509,-28.6388578,G,2-a
2448,263.9374783,-36.2646005,G,2-a
2449,263.9395111,-45.6928567,G,2-a
2450,263.9501453,-37.2564872,G,2-a
2451,263.9660378,-21.8307802,A,2-a
2452,264.0166219,-9.0752935,F,2-a
2453,264.0206908,-19.3640331,E,2-b
2454,264.0824528,-28.9800479,G,2-b
2455,264.2074153,-29.3687244,G,2-b
2456,264.2215623,-21.4386538,F,2-a
2457,264.2801958,-28.3897782,G,2-a
2458,264.3517779,-28.4106068,G,2-a
2459,264.3719693,-37.7232542,G,2-a
2460,264.4064537,-13.9024979,F,2-a
2461,264.4348441,-22.333887,F,2-a
2462,264.4708202,-39.2418788,G,2-a
2463,264.5986524,-27.3498142,D,2-a
2464,264.6394255,-27.92697,D,2-b
2465,264.6861081,-44.0955996,G,2-a
2466,264.6926352,-22.5432275,F,2-a
2467,264.7084274,-21.2407765,F,2-a
2468,264.7641872,-17.1334745,F,2-a
2469,264.8296991,-27.5239133,D,2-a
2470,264.8491188,-32.3561856,G,2-b
2471,264.8648589,-36.140723,G,2-a
2472,264.9416129,-27.3185816,D,2-a
2473,264.9905833,-35.1813879,G,2-b
2474,265.0191512,-33.3343857,G,2-b
2475,265.0565366,-33.991111,G,2-b
2476,265.1439906,-18.0671228,A,2-a
2477,265.1665893,-14.7931794,A,2-b
2478,265.3285464,-18.6447136,B,2-b
2479,265.3301349,-18.0976574,A,2-a
2480,265.3731844,-21.9858394,F,2-a
2481,265.3935673,-48.9100668,G,2-b
2482,265.4389244,-24.8076024,D,2-a
2483,265.5555649,-37.2763003,G,2-a
2484,265.6647475,-6.4437767,F,2-a
2485,265.6989266,-20.1612722,F,2-a
2486,265.7655231,-33.0492622,G,2-a
2487,265.7679553,-7.3046002,F,2-a
2488,265.7730413,-24.5298178,D,2-a
2489,265.7914425,-14.8495132,C,2-b
2490,265.8588551,-38.1144533,G,2-b
2491,265.8845244,-22.164696,F,2-a
2492,265.8963606,-22.5188923,D,2-a
2493,265.9607654,-25.9008767,D,2-a
2494,266.1137026,-29.8231458,G,2-b
2495,266.1185311,-25.1635021,B,2-a
2496,266.1718536,-25.7241655,D,2-b
2497,266.1880375,-23.8776497,B,2-a
2498,266.3218819,-17.9178191,A,2-a
2499,266.3742658,-35.4276476,G,2-a
2500,266.3868015,-26.3996392,D,2-a
2501,266.4658156,-26.6179993,D,2-a
2502,266.6092462,-31.2633429,G,2-b
2503,266.6301053,-36.9301181,G,2-a
2504,266.6417503,-25.3847017,B,2-b
2505,266.665281,-24.2447747,B,2-a
2506,266.7354373,-40.811144,G,2-b
2507,266.7535384,-23.8040467,F,2-a
2508,266.8035519,-18.8364456,A,2-a
2509,267.0879641,-32.7256334,G,2-a
2510,267.1060335,-36.3492237,G,2-a
2511,267.126173,-35.4807217,G,2-a
2512,267.1462582,-13.0411785,F,2-a
2513,267.1616726,-34.2519712,G,2-a
2514,267.2696071,-34.0406618,G,2-a
2515,267.2967311,-37.2051817,G,2-a
2516,267.3022923,-33.0779206,G,2-a
2517,267.3058364,-21.5506081,B,2-a
2518,267.3138113,-7.5462815,F,2-a
2519,267.3745485,-28.3608858,G,2-b
2520,267.5369784,-34.9295117,G,2-a
2521,267.5381102,-34.2868057,G,2-a
2522,267.6527137,-32.7526506,G,2-a
2523,267.6608095,-30.4667313,G,2-a
2524,267.6714606,-30.6960379,G,2-a
2525,267.7645071,-33.1075474,G,2-a
2526,267.892423,-28.5568637,G,2-b
2527,268.0702892,-18.7898083,F,2-a
2528,268.0786388,-21.6667121,B,2-a
2529,268.1040979,-20.4577332,D,2-a
2530,268.1162358,-30.0602081,G,2-a
2531,268.1557171,-30.3215443,G,2-b
2532,268.1986285,-21.5998977,B,2-a
2533,268.2105447,-31.3499751,G,2-a
2534,268.2712546,-15.2879701,F,2-a
2535,268.2849412,-25.2184756,A,2-a
2536,268.3044526,-25.9101768,A,2-a
2537,268.3514103,-32.1217321,G,2-a
2538,268.3546637,-22.0386703,A,2-b
2539,268.3733574,-33.9002522,G,2-a
2540,268.3984144,-28.7498863,G,2-a
2541,268.4279447,-18.9677835,B,2-b
2542,268.4362152,-6.8951965,D,2-b
2543,268.4818824,-32.1578626,G,2-a
2544,268.5472326,-28.8353183,G,2-a
2545,268.630297,-37.1617031,G,2-a
2546,268.6317771,-32.1257481,G,2-a
2547,268.6632758,-20.5840159,D,2-a
2548,268.7107739,-29.9186958,G,2-a
2549,268.7109772,-28.9761448,G,2-a
2550,268.7534507,-15.8830533,A,2-a
2551,268.7596021,-25.4633005,D,2-b
2552,268.8105371,-36.5630931,G,2-a
2553,268.8163261,-20.8969655,F,2-a
2554,268.8594863,-21.7039239,A,2-b
2555,268.9658243,-21.5072592,F,2-a
2556,269.1731102,-27.8630484,B,2-a
2557,269.1734664,-33.8359462,G,2-a
2558,269.3694864,-21.7501636,B,2-b
2559,269.4122379,-24.5350883,F,2-a
2560,269.4234659,-28.008471,G,2-a
2561,269.4512798,-22.2003729,F,2-b
2562,269.466134,-35.4087087,G,2-a
2563,269.5258296,-29.7977714,G,2-a
2564,269.6203245,-29.6586797,G,2-a
2565,269.7076757,-25.3112035,C,2-b
2566,269.7199396,-26.5423351,C,2-b
2567,269.88864,-31.4049103,G,2-a
2568,269.8946598,-28.7631016,G,2-a
2569,269.9018211,-16.5132364,A,2-a
2570,269.9081201,-29.7793393,G,2-a
2571,269.9102159,-29.556065,G,2-b
2572,269.9219062,-32.1278404,G,2-a
2573,269.9287825,-17.8166115,A,2-a
2574,269.933634,-14.1420517,E,2-a
2575,270.0325883,-27.7371498,D,2-a
2576,270.140189,-26.5190497,D,2-b
2577,270.1638936,-27.179476,D,2-b
2578,270.1948035,-27.2686267,D,2-b
2579,270.2724409,-29.6595112,G,2-a
2580,270.3577296,-21.9408117,D,2-b
2581,270.4512575,-15.3167976,F,2-a
2582,270.5445719,-13.6694944,A,2-a
2583,270.5760421,-30.0122719,G,2-b
2584,270.5844768,-14.5276776,C,2-b
2585,270.5909877,-16.3845469,F,2-b
2586,270.6192466,-15.7652896,A,2-a
2587,270.6351222,-16.6756244,E,2-a
2588,270.661131,-16.282985,F,2-a
2589,270.6634715,-18.0390699,C,2-b
2590,270.7066212,-15.2256922,F,2-a
2591,270.7995926,-40.1120323,G,2-a
2592,270.8012593,-29.2423812,G,2-a
2593,270.8033415,-36.8924391,G,2-b
2594,270.8099293,-32.0231972,G,2-a
2595,270.8644875,-16.5146899,A,2-a
2596,270.9227956,-33.3289532,G,2-a
2597,270.9334327,-25.4148477,F,2-b
2598,271.0786766,-29.0302867,G,2-a
2599,271.1833568,-26.7738037,B,2-a
2600,271.2485215,-31.6097407,G,2-a
2601,271.291852,-37.8132071,G,2-b
2602,271.3280936,-30.5453751,G,2-a
2603,271.4488562,-29.4880966,G,2-a
2604,271.4555773,-20.6103185,F,2-a
2605,271.5106385,-33.1892151,G,2-a
2606,271.6003,-28.1457486,G,2-a
2607,271.6233719,-25.1558973,B,2-a
2608,271.6562768,-26.9219461,B,2-a
2609,271.6615788,-33.4901282,G,2-a
2610,271.6684314,-29.729281,G,2-a
2611,271.6983314,-18.2967986,F,2-b
2612,271.7168474,-29.6117831,G,2-a
2613,271.7414703,-38.2760543,G,2-a
2614,271.7622,-28.9752166,G,2-a
2615,271.7958435,-33.1354304,G,2-b
2616,271.9265474,-17.9281453,C,2-b
2617,271.9300072,-18.3255705,F,2-a
2618,271.9379192,-27.4987199,D,2-a
2619,272.0646754,-10.03844,A,2-a
2620,272.0735706,-20.4406594,F,2-b
2621,272.1002559,-31.9562766,G,2-a
2622,272.1027259,-27.7494296,D,2-a
2623,272.1271344,-28.250189,G,2-a
2624,272.3205123,-38.7965978,G,2-a
2625,272.33459,-32.2647423,G,2-b
2626,272.3409123,-20.8458561,D,2-b
2627,272.3790498,-12.9728335,F,2-a
2628,272.4045444,-23.7942601,F,2-a
2629,272.5228327,-30.8940545,G,2-a
2630,272.5803176,-28.4359023,G,2-a
2631,272.648946,-30.3370512,G,2-b
2632,272.6730349,-7.9803388,C,2-b
2633,272.6898458,-15.7690712,C,2-b
2634,272.7702003,-27.4078024,B,2-a
2635,272.775985,-28.998727,G,2-b
2636,272.8005172,-20.4929163,B,2-b
2637,272.8147828,-30.5672455,G,2-a
2638,272.876291,-18.5280196,A,2-a
2639,272.8856163,-29.2399832,G,2-a
2640,272.9429052,-32.3757734,G,2-a
2641,273.0518519,-26.1340033,D,2-a
2642,273.0597169,-25.4018184,D,2-b
2643,273.1192082,-35.8589045,G,2-a
2644,273.1212513,-32.1704798,G,2-a
2645,273.2187521,-23.5512407,B,2-a
2646,273.3284552,-30.699877,G,2-b
2647,273.3324619,-29.6053042,G,2-a
2648,273.4246285,-22.4749933,B,2-a
2649,273.4646917,-20.5633395,C,2-b
2650,273.537839,-22.3477911,B,2-a
2651,273.5896442,-16.5050071,F,2-a
2652,273.6480619,-12.7400831,F,2-b
2653,273.6705974,-21.8247674,A,2-a
2654,273.6753521,-17.2207573,D,2-b
2655,273.8629681,-18.9554841,B,2-a
2656,273.9035739,-23.1755461,F,2-a
2657,273.905475,-23.6459777,D,2-b
2658,273.9980178,-22.6938369,B,2-b
2659,274.0850484,-28.1161675,G,2-a
2660,274.2688729,-26.0071382,D,2-b
2661,274.293738,-20.8180961,F,2-a
2662,274.3909472,6.6899183,B,2-b
2663,274.4110631,-26.0843562,F,2-a
2664,274.4902074,-20.1792206,F,2-a
2665,274.5103242,-18.7798622,A,2-b
2666,274.549337,-35.5620484,G,2-b
2667,274.5530622,-11.2541019,F,2-b
2668,274.5662544,-25.1204592,B,2-a
2669,274.7150839,-11.7276681,F,2-a
2670,274.7541807,-14.1016377,B,2-b
2671,274.8069793,2.2432568,A,2-b
2672,274.8493508,-25.5787395,F,2-a
2673,274.8617058,-26.6978619,B,2-a
2674,274.868522,-12.2737094,D,2-b
2675,274.8688679,-18.2553336,D,2-b
2676,274.9242384,-7.6326056,D,2-b
2677,274.9427769,-23.8682812,B,2-a
2678,274.944736,-21.2297167,E,2-b
2679,274.9886711,-4.6149241,F,2-a
2680,275.0977883,-32.5927303,G,2-a
2681,275.1032017,-31.215858,G,2-a
2682,275.2294829,-13.6792014,C,2-b
2683,275.2653125,-21.7492077,F,2-a
2684,275.2664682,-32.7042885,G,2-a
2685,275.3060371,-12.3449536,F,2-b
2686,275.3078463,11.6645053,C,2-b
2687,275.3243812,-18.1484717,F,2-a
2688,275.3507852,2.4839688,B,2-a
2689,275.4836262,-22.7765782,F,2-a
2690,275.5853162,-15.6575822,D,2-b
2691,275.6059218,-27.0970027,F,2-a
2692,275.6849937,-30.9565741,G,2-a
2693,275.8261205,-24.853247,F,2-a
2694,275.8326743,-14.1094068,A,2-a
2695,275.8460088,-24.1360071,F,2-a
2696,275.8463087,-26.6250916,B,2-a
2697,276.071902,-14.4416353,F,2-a
2698,276.1714873,-15.5425722,C,2-a
2699,276.3667867,-18.3059427,F,2-a
2700,276.3753658,-14.962779,B,2-b
2701,276.3992416,-11.7578629,A,2-a
2702,276.4847092,-7.9306599,F,2-b
2703,276.5284135,7.1425947,A,2-a
2704,276.5640672,-26.1260904,F,2-a
2705,276.6911843,-19.4247535,F,2-a
2706,276.816597,-25.1994733,B,2-a
2707,276.8641307,-15.3566948,C,2-b
2708,276.8764799,-24.5002738,F,2-a
2709,276.9906557,-21.0731239,F,2-a
2710,277.0001371,-25.8728218,B,2-a
2711,277.1584679,-27.7608366,C,2-b
2712,277.2434296,-3.7891035,F,2-a
2713,277.2730555,-5.4919646,F,2-b
2714,277.3056885,-5.7146875,A,2-a
2715,277.3166244,-13.8632286,D,2-b
2716,277.3646088,-9.0822847,A,2-a
2717,277.4069105,-17.8678903,A,2-a
2718,277.5251568,-18.028437,A,2-a
2719,277.5493754,-26.0504557,B,2-b
2720,277.5984727,-13.2215015,F,2-a
2721,277.6535321,-21.5664749,A,2-a
2722,277.6856723,-10.1325731,A,2-a
2723,277.7745443,-23.9198509,F,2-a
2724,277.7837882,-17.6143438,F,2-a
2725,277.852628,-34.6088439,G,2-b
2726,277.8685037,-11.3540325,C,2-b
2727,277.8855624,-28.3029647,G,2-a
2728,277.9042674,-28.5381599,G,2-a
2729,277.9431488,-8.7853883,D,2-b
2730,278.0653835,-12.7720194,F,2-a
2731,278.0855735,-6.2435761,B,2-b
2732,278.1784147,-7.1371662,C,2-b
2733,278.3824062,-7.3570488,A,2-a
2734,278.3919644,19.7656875,F,2-a
2735,278.5173594,-4.9820115,C,2-b
2736,278.5293104,-21.1531635,E,2-a
2737,278.5961709,-26.9086842,B,2-a
2738,278.6734358,-18.90782,F,2-a
2739,278.7093006,-7.7045031,F,2-a
2740,278.7545866,-14.8188399,F,2-a
2741,278.8477987,-9.021106,B,2-b
2742,278.8495867,-17.8154025,F,2-a
2743,278.8584571,-30.6026984,G,2-a
2744,278.9484878,-29.833283,G,2-b
2745,279.0562622,-6.8063424,C,2-b
2746,279.0799234,-17.6657539,D,2-b
2747,279.086574,-23.6024808,F,2-a
2748,279.1113947,-14.3879922,A,2-a
2749,279.2456807,-25.2983537,F,2-a
2750,279.2838722,9.0328902,F,2-a
2751,279.3072527,-19.1897252,C,2-b
2752,279.3254935,-6.5926871,B,2-b
2753,279.3367721,-11.9704487,F,2-a
2754,279.5474833,-10.8741809,A,2-a
2755,279.5576986,-10.3418354,F,2-a
2756,279.6942865,-8.7133711,F,2-a
2757,279.7245579,-13.5107442,D,2-b
2758,279.7801967,-5.4945225,F,2-a
2759,279.8171388,-16.0813531,A,2-a
2760,279.8820552,0.0827119,A,2-b
2761,279.9802668,-11.0595721,F,2-a
2762,280.2918192,5.6101703,F,2-a
2763,280.2935334,-23.2788275,F,2-a
2764,280.3009565,-7.2307103,F,2-a
2765,280.5594282,-15.497041,D,2-b
2766,280.6520065,2.8435492,A,2-a
2767,280.6725141,-0.6461057,F,2-a
2768,280.8543228,-32.1860143,G,2-a
2769,280.8716522,-15.2231123,F,2-a
2770,280.9290476,8.3009503,C,2-b
2771,281.0879828,-23.3522944,F,2-b
2772,281.093026,24.1371766,C,2-b
2773,281.1052019,13.6154346,F,2-a
2774,281.1292033,-14.4495197,F,2-a
2775,281.171111,6.4161885,E,2-a
2776,281.3690499,-17.8153726,F,2-b
2777,281.4242052,-8.1959399,F,2-a
2778,281.6800901,-2.9202223,D,2-b
2779,281.6833915,-6.1771145,B,2-a
2780,281.6875606,-1.5084571,C,2-b
2781,281.7134998,15.2933151,A,2-b
2782,281.7138431,-26.5034344,F,2-a
2783,281.8584384,6.2146852,F,2-b
2784,281.9375683,8.8254539,C,2-b
2785,281.9665828,-22.1669862,E,2-a
2786,282.1011829,-15.977605,A,2-a
2787,282.1404102,-4.2732241,A,2-b
2788,282.2040842,5.28604,A,2-a
2789,282.2377979,2.6284663,F,2-a
2790,282.3099326,-6.7628821,F,2-a
2791,282.3314648,-4.0470446,D,2-b
2792,282.4750537,2.6681006,F,2-a
2793,282.6453966,-6.26793,F,2-a
2794,282.7936451,-27.7962418,F,2-a
2795,282.8079399,6.359766,F,2-a
2796,282.9623796,9.4088221,E,2-a
2797,283.0623814,3.3371245,F,2-a
2798,283.0764506,-26.4657686,A,2-a
2799,283.2306933,-2.8230961,A,2-a
2800,283.2805736,-11.9253498,A,2-a
2801,283.3181796,-27.2313085,B,2-a
2802,283.3464763,-18.298206,C,2-b
2803,283.3838722,11.750421,F,2-a
2804,283.4487292,0.2575142,C,2-b
2805,283.5125045,0.2597781,F,2-a
2806,283.5571501,-7.4642745,F,2-a
2807,283.8240663,-7.1661262,D,2-b
2808,283.8489907,-11.1703087,A,2-a
2809,283.8887976,-3.6474982,D,2-b
2810,283.8922388,-1.9483643,B,2-b
2811,283.983214,10.155682,F,2-a
2812,284.094468,-15.2800024,F,2-a
2813,284.1052557,-3.9086679,B,2-a
2814,284.2417664,-10.6073496,A,2-b
2815,284.2503722,16.1072779,C,2-b
2816,284.4870019,-3.7377486,F,2-a
2817,284.4883705,-6.9656895,F,2-a
2818,284.6656396,2.2391809,B,2-b
2819,284.7040508,3.687829,C,2-b
2820,284.7846527,-9.9618463,F,2-a
2821,284.8329741,5.8625449,B,2-b
2822,285.0050168,11.7079395,A,2-b
2823,285.0985138,16.4033975,B,2-b
2824,285.2696141,-10.8334525,F,2-a
2825,285.3360215,0.0759249,F,2-a
2826,285.4348266,13.6864784,C,2-b
2827,285.5087727,5.9224486,C,2-b
2828,285.5846036,0.384286,F,2-a
2829,285.7836103,0.4976368,C,2-b
2830,286.1527083,-21.8314718,F,2-b
2831,286.169364,7.8929804,D,2-b
2832,286.2157942,2.9050046,A,2-a
2833,286.2273244,10.5350501,A,2-b
2834,286.5614558,11.7924474,C,2-b
2835,286.6294707,9.9548038,F,2-a
2836,286.6384943,-11.303462,F,2-a
2837,286.7960487,17.8137127,B,2-b
2838,286.8216667,14.7182239,F,2-a
2839,286.8718008,50.6971242,B,2-b
2840,286.8807512,8.9476557,F,2-a
2841,286.8896125,5.4917938,C,2-b
2842,287.0453721,13.5019873,F,2-a
2843,287.0766192,1.774292,A,2-a
2844,287.1636217,-3.9143203,E,2-a
2845,287.1709444,10.0359287,B,2-a
2846,287.1863539,13.710715,A,2-a
2847,287.246664,-15.1675405,F,2-a
2848,287.2713462,-7.1920032,C,2-b
2849,287.4676926,-6.2563977,F,2-a
2850,287.5814524,11.8162276,F,2-a
2851,287.7880746,11.8861178,F,2-b
2852,288.1707104,10.8638581,B,2-b
2853,288.4014329,-1.9167583,A,2-a
2854,288.4483071,15.3288693,C,2-b
2855,288.7058094,17.9171592,C,2-b
2856,288.7798277,-1.7132449,B,2-a
2857,288.8005535,39.7140285,F,2-a
2858,288.9354625,17.3463642,F,2-b
2859,289.1137426,12.5909801,A,2-a
2860,289.220707,7.2906979,A,2-a
2861,289.2987558,14.0674413,C,2-b
2862,289.3013891,-12.9735378,F,2-a
2863,289.3094454,4.8338111,F,2-a
2864,289.3169734,-12.5212723,A,2-b
2865,289.7301865,29.1467972,A,2-a
2866,289.8915551,9.0700692,F,2-b
2867,290.0365095,24.8025107,F,2-a
2868,290.2716433,10.6121891,A,2-b
2869,290.3660755,15.127786,D,2-b
2870,290.4040199,-17.3218228,F,2-a
2871,290.4820728,18.8180593,A,2-a
2872,290.6064033,20.2599771,F,2-a
2873,290.7335053,18.7090418,C,2-b
2874,290.7832392,-1.460521,E,2-b
2875,290.8531049,5.5453965,F,2-a
2876,291.3600351,12.3037587,A,2-a
2877,291.3656644,23.5975906,F,2-a
2878,291.3857184,9.972403,F,2-a
2879,291.5864044,12.4378501,C,2-b
2880,291.7522088,13.0880064,B,2-b
2881,291.9496048,17.2642084,D,2-b
2882,291.9651729,14.136258,F,2-a
2883,292.0349484,3.0071409,F,2-a
2884,292.154919,22.2743599,C,2-b
2885,292.3735148,40.4588895,F,2-a
2886,292.5357487,-70.2477805,G,2-a
2887,292.5645781,19.3477017,B,2-b
2888,292.6423733,-2.2347876,F,2-a
2889,292.82132,20.3221278,A,2-a
2890,293.1156903,18.2519577,D,2-b
2891,293.7503502,19.9310394,D,2-b
2892,293.8102129,19.615542,B,2-a
2893,294.1210466,14.2019117,F,2-a
2894,294.4468843,23.6827276,A,2-b
2895,294.565843,19.324423,F,2-b
2896,295.1753431,1.0169208,A,2-a
2897,295.1896249,26.7473883,C,2-b
2898,295.4598314,23.3829778,F,2-a
2899,295.4752015,34.3741384,F,2-a
2900,296.0527103,26.451718,D,2-b
2901,296.1231776,14.5693142,F,2-a
2902,296.1716581,13.052867,F,2-a
2903,296.4000442,11.0842875,B,2-b
2904,296.490374,-1.8444947,B,2-a
2905,296.5116388,22.5925769,C,2-b
2906,296.58617,14.7025609,F,2-a
2907,296.8430348,22.8479911,B,2-b
2908,296.8997953,19.4151044,F,2-a
2909,296.9690591,29.9100934,D,2-b
2910,297.5343718,34.1660023,A,2-b
2911,298.2737698,31.2638666,C,2-b
2912,298.918742,18.0933839,F,2-a
2913,299.276579,19.9954675,E,2-a
2914,299.3234382,28.1887125,A,2-b
2915,299.4300712,30.6118088,A,2-a
2916,299.5277843,27.9333087,B,2-b
2917,299.537772,22.7620106,B,2-a
2918,299.8606551,37.5368272,C,2-b
2919,299.9255081,28.5389472,A,2-a
2920,299.9995005,28.3329919,D,2-b
2921,300.1436801,39.6099368,E,2-b
2922,300.526194,37.5685553,F,2-a
2923,301.0430463,31.8471229,A,2-a
2924,301.2980659,23.7810104,B,2-b
2925,301.6591417,35.5748764,C,2-b
2926,302.0226667,15.2785473,E,2-a
2927,303.1779347,37.1530634,C,2-b
2928,303.305077,5.5614161,F,2-a
2929,303.5664572,39.2967118,A,2-a
2930,303.7459128,34.7738504,A,2-b
2931,304.3463062,17.3127249,F,2-a
2932,304.4571006,38.2960546,C,2-b
2933,304.6933289,30.151254,C,2-b
2934,305.1652248,39.2039559,C,2-b
2935,305.4993609,16.2862082,B,2-b
2936,305.9911562,35.5074087,B,2-b
2937,306.1256169,39.7192957,C,2-b
2938,306.3095039,47.4587681,A,2-b
2939,307.0924899,37.6777866,A,2-b
2940,307.1501714,11.3921393,B,2-a
2941,307.3368692,45.0764465,F,2-a
2942,307.4848005,54.1831543,A,2-a
2943,307.6188259,18.1076074,B,2-a
2944,307.7978146,40.6518535,B,2-b
2945,307.8622253,41.549617,C,2-b
2946,308.0047657,41.2880769,C,2-b
2947,308.8906621,36.3724764,F,2-a
2948,309.2684767,39.8034269,C,2-b
2949,309.5296329,42.6476215,B,2-b
2950,309.9224968,55.6327639,B,2-b
2951,310.0848648,41.9169318,C,2-b
2952,310.5126727,45.9284328,D,2-b
2953,310.74983,48.5074399,C,2-b
2954,310.89897,44.8622843,A,2-a
2955,311.4223744,43.6043037,B,2-b
2956,312.9135569,44.407812,F,2-b
2957,314.2576564,52.4681977,C,2-b
2958,314.6301343,44.9703151,C,2-b
2959,316.1455676,60.0528908,B,2-b
2960,319.855712,39.238512,F,2-a
2961,321.8957849,50.5706958,F,2-b
2962,322.1150489,50.0232415,C,2-b
2963,323.5703097,49.4897394,C,2-b
2964,324.8627793,57.4777875,B,2-a
2965,326.5620788,51.1248727,F,2-a
2966,328.2466645,47.2744242,B,2-b
2967,328.3399078,56.5865516,B,2-b
2968,331.5591971,60.0346225,B,2-b
2969,332.1195649,53.2004973,C,2-b
2970,333.7365451,56.7891422,B,2-b
2971,333.8052325,71.1950617,B,2-b
2972,333.8286411,58.3868159,C,2-b
2973,333.9999123,60.8692027,B,2-b
2974,334.8072043,61.6293748,B,2-b
2975,335.3329108,63.6159557,B,2-b
2976,344.8649492,60.2945388,D,2-b
2977,345.2328986,60.3943668,C,2-b
2978,345.8177573,61.109362,D,2-b
2979,347.9208657,60.217758,C,2-b
2980,347.9789904,59.7270707,C,2-b
2981,348.0786181,57.6423828,F,2-a
2982,349.2399562,61.5425734,C,2-b
2983,350.9664174,62.1117235,C,2-b
2984,353.6468622,60.7852177,C,2-b
2985,356.6067473,56.6656804,A,2-a
2986,358.2778736,62.790782,C,2-b
2987,359.3178383,51.4207263,C,2-b
3001,0.4415941,62.748829,C,3-b
3002,35.2972725,-57.7102798,G,3-b
3003,37.0771883,61.7534185,C,3-b
3004,37.5243362,40.1177723,D,3-b
3005,39.9233169,-34.5991235,G,3-b
3006,42.4034071,60.5282584,C,3-b
3007,42.6436005,60.323147,B,3-b
3008,53.5320103,57.145978,C,3-b
3009,88.4948194,12.0524509,D,3-b
3010,94.1762064,22.5448802,D,3-b
3011,94.2865873,22.5878999,D,3-b
3012,98.2237658,17.3789892,A,3-b
3013,98.2366372,0.3462377,D,3-b
3014,98.9124416,4.4086369,C,3-b
3015,102.6591749,-5.3514965,B,3-b
3016,105.8453317,-9.29793,C,3-b
3017,106.7369115,-11.1609624,D,3-b
3018,116.4206127,-18.9080736,B,3-b
3019,125.4450005,-13.7780653,D,3-b
3020,128.8740012,-50.8246043,G,3-b
3021,131.3482318,-41.1439037,G,3-b
3022,133.9542112,-46.4900365,G,3-b
3023,137.7110179,-50.9993134,G,3-b
3024,138.5296652,-54.1226506,G,3-b
3025,145.644654,-55.7009535,G,3-b
3026,150.6843579,-57.9814922,G,3-b
3027,151.702902,-58.3573417,G,3-b
3028,159.2446477,-57.4405103,G,3-b
3029,159.5076147,-58.860241,G,3-b
3030,159.6218001,-59.7800879,G,3-b
3031,160.3257036,-59.2422317,G,3-a
3032,161.2421478,-58.3723516,G,3-b
3033,163.0359893,-59.9627336,G,3-b
3034,166.2308843,-58.1361106,G,3-b
3035,169.4583424,-60.2061082,G,3-b
3036,169.6591687,-62.9324209,G,3-a
3037,172.0752417,-62.8912399,G,3-b
3038,172.4445907,-62.9129913,G,3-b
3039,173.483131,-60.7572612,G,3-b
3040,174.3375259,-62.2621322,G,3-b
3041,174.4759949,-62.7644139,G,3-b
3042,174.5035627,-63.3640782,G,3-b
3043,175.0222526,-63.72445,G,3-b
3044,176.3078457,-62.8117438,G,3-b
3045,177.9579693,-61.5759927,G,3-b
3046,178.4776163,-58.9733261,G,3-a
3047,180.6520943,-63.898261,G,3-b
3048,181.7542011,-62.6478924,G,3-a
3049,182.7044591,-64.1787632,G,3-b
3050,183.1726955,-62.9842483,G,3-b
3051,185.7040161,-62.8297266,G,3-b
3052,190.8842501,-62.907153,G,3-b
3053,193.2506169,-67.175193,G,3-b
3054,193.2511035,-54.1758693,G,3-b
3055,195.2900249,-67.8457128,G,3-b
3056,195.8326681,-60.5914597,G,3-b
3057,198.0991959,0.8631423,D,3-b
3058,199.4123745,-62.4362864,G,3-b
3059,200.4124069,-62.65055,G,3-b
3060,203.1363762,-62.2640186,G,3-b
3061,207.0127725,-65.3073278,G,3-b
3062,208.0638024,-62.0835506,G,3-b
3063,210.4011572,-61.323009,G,3-b
3064,210.5404942,-61.5930087,G,3-b
3065,210.963397,-62.2993484,G,3-b
3066,210.971734,-62.2234806,G,3-b
3067,211.4876533,-61.6905941,G,3-b
3068,212.8277699,-58.6989945,G,3-b
3069,213.0056163,-59.155471,G,3-b
3070,214.8545129,-61.2772927,G,3-b
3071,215.8969539,-60.6224373,G,3-b
3072,219.1972453,-64.0765265,G,3-b
3073,219.9451773,-60.6400524,G,3-b
3074,230.1363094,-59.4706428,G,3-b
3075,233.9554763,-52.9343654,G,3-b
3076,234.9695217,-55.660511,G,3-b
3077,236.8618292,-54.9623579,G,3-b
3078,237.3194189,-54.8214885,G,3-b
3079,238.5520436,-53.9092486,G,3-b
3080,238.686425,-54.0618827,G,3-b
3081,240.6144383,-53.3829088,G,3-b
3082,242.2405339,-48.5291157,G,3-b
3083,243.4474427,-51.4675075,G,3-b
3084,243.935149,-50.7888354,G,3-b
3085,244.1852189,-50.4623211,G,3-b
3086,245.9898877,-49.5154504,G,3-b
3087,248.2799221,-47.3833936,G,3-b
3088,248.284922,-48.6946009,G,3-b
3089,248.437407,-47.1736136,G,3-b
3090,248.9703491,-43.1490918,G,3-b
3091,250.0495946,-48.8163942,G,3-b
3092,250.078903,-46.7913493,G,3-b
3093,250.1299821,-44.3040299,G,3-b
3094,250.1330228,-46.6433221,G,3-b
3095,250.3436431,-48.7567328,G,3-b
3096,250.4288139,-45.8576929,G,3-b
3097,250.7004981,-40.2256595,G,3-b
3098,251.5197029,-36.0760877,G,3-b
3099,252.4622181,-44.427432,G,3-b
3100,252.5945977,-44.6816729,G,3-b
3101,252.890794,-44.3953575,G,3-b
3102,252.9021461,-44.4662,G,3-b
3103,253.3805789,-43.0775029,G,3-b
3104,253.4846605,-41.7536364,G,3-b
3105,254.1941592,-42.582349,G,3-b
3106,254.5454082,-42.5483078,G,3-b
3107,254.8628735,-47.972916,G,3-b
3108,254.9658856,-42.3693008,G,3-b
3109,255.0078386,-40.6381224,G,3-b
3110,255.2652773,-46.3996845,G,3-b
3111,255.750357,-41.9398418,G,3-b
3112,255.759885,-41.9707969,G,3-b
3113,256.56417,-41.8791005,G,3-b
3114,258.440917,-31.7934663,G,3-b
3115,259.1376555,-33.8375108,G,3-b
3116,259.5001072,-41.273681,G,3-b
3117,259.6675782,-30.7094881,G,3-b
3118,259.8345808,-38.7052956,G,3-a
3119,260.93621,-28.4244971,G,3-a
3120,261.0176737,-36.5994007,G,3-b
3121,261.944143,-35.5714161,G,3-b
3122,262.7534227,-33.1171675,G,3-b
3123,263.1551652,-27.3437239,D,3-b
3124,263.4042197,-28.2244194,G,3-b
3125,263.4126052,-27.1108034,D,3-b
3126,264.0378006,-24.3973962,D,3-b
3127,264.1607936,-36.3351037,G,3-b
3128,264.7843249,-21.0204754,B,3-b
3129,265.215393,-20.9685578,D,3-b
3130,265.3717991,-26.0794416,D,3-b
3131,265.7682165,-34.1563462,G,3-b
3132,266.0758908,-33.5250388,G,3-b
3133,266.0933904,-35.4699018,G,3-b
3134,266.2184979,-35.9753733,G,3-a
3135,266.8716041,-17.1499494,D,3-b
3136,267.2164173,-33.9559717,G,3-b
3137,267.8975316,-35.3609957,G,3-b
3138,269.0174241,-15.7561407,D,3-b
3139,269.0728866,-31.1167627,G,3-b
3140,269.3383699,-29.7187741,G,3-b
3141,269.4741423,-34.6718073,G,3-a
3142,269.6582637,-29.9803488,G,3-b
3143,269.7820782,-32.3760172,G,3-b
3144,270.3172724,-23.5863439,D,3-b
3145,270.4747316,-18.0560315,D,3-b
3146,270.6832439,-23.1084176,C,3-b
3147,271.2190506,-26.2847735,B,3-b
3148,271.3977648,-16.9854589,B,3-b
3149,271.9996627,-26.4301468,D,3-b
3150,272.4278188,-19.5806859,C,3-b
3151,272.4692579,-19.7656185,C,3-b
3152,272.5426392,-19.4590653,D,3-b
3153,273.2385361,-19.0078149,C,3-b
3154,273.2893659,-17.9265167,D,3-b
3155,273.8685532,-9.8649713,C,3-b
3156,274.0768299,-16.9690451,D,3-b
3157,274.188312,-16.8973547,D,3-b
3158,274.2851877,-16.3924023,C,3-b
3159,274.450609,-12.0681482,C,3-b
3160,274.5427698,-20.858764,F,3-b
3161,274.6096789,-16.4841027,C,3-b
3162,274.6420393,-20.4607432,D,3-b
3163,274.7090425,-2.7580508,D,3-b
3164,275.3741386,-15.0569846,C,3-b
3165,275.4862972,-14.2196689,C,3-b
3166,275.6079545,-20.143059,D,3-b
3167,275.6779139,-14.4364811,D,3-b
3168,276.2406486,-21.6473077,B,3-b
3169,277.4913656,-4.9951963,D,3-b
3170,277.6702393,-4.4871501,D,3-b
3171,277.6720881,-9.0641595,D,3-b
3172,277.8187638,-5.2792212,C,3-b
3173,278.0274101,-10.2728377,D,3-b
3174,278.4123507,-15.332431,D,3-b
3175,278.8108748,-3.2588935,D,3-b
3176,278.8395979,-6.6914398,D,3-b
3177,279.102203,-6.8531487,C,3-b
3178,279.1351148,-0.4697837,D,3-b
3179,279.6884942,2.2407626,C,3-b
3180,279.7323652,-0.3946742,D,3-b
3181,281.2072637,-0.2114569,B,3-b
3182,281.3717084,-3.4538523,C,3-b
3183,281.6299095,-1.525316,D,3-b
3184,281.6771359,-2.9453397,C,3-b
3185,281.7832603,-2.2820756,D,3-b
3186,281.8482751,-0.9860483,D,3-b
3187,281.8610674,-2.3323702,D,3-b
3188,282.2993665,-1.173917,D,3-b
3189,283.5330655,-0.9763505,D,3-b
3190,283.6771894,6.1210326,C,3-b
3191,284.0068202,1.2540176,D,3-b
3192,284.5712114,8.4882984,C,3-b
3193,285.8838169,12.0992591,B,3-b
3194,286.7657481,6.9868321,C,3-b
3195,287.1804131,14.1789395,D,3-b
3196,288.301219,15.1159514,D,3-b
3197,288.6828112,18.115329,C,3-b
3198,289.4502204,18.950642,D,3-b
3199,290.4535195,19.2365353,B,3-b
3200,290.7297511,21.498984,B,3-b
3201,292.8730057,18.2710667,C,3-b
3202,293.538216,25.5881422,D,3-b
3203,295.0774477,28.5611914,D,3-b
3204,295.3699543,30.11655,C,3-b
3205,295.5022506,27.446427,D,3-b
3206,296.5330532,24.1522838,D,3-b
3207,296.5597287,9.6875927,D,3-b
3208,296.8864127,25.1018249,D,3-b
3209,297.0180012,27.8061963,D,3-b
3210,297.0527881,29.9584498,D,3-b
3211,298.2958299,26.8092022,D,3-b
3212,299.3348672,31.6765616,B,3-b
3213,299.3619708,27.052075,D,3-b
3214,299.8792698,25.3330864,D,3-b
3215,300.9233024,28.0308956,C,3-b
3216,302.1872286,32.6734076,C,3-b
3217,302.8678534,30.7956997,C,3-b
3218,302.9694958,36.8764643,D,3-b
3219,304.6879733,41.377759,C,3-b
3220,304.7840443,40.9396654,D,3-b
3221,305.2475016,42.0962971,D,3-b
3222,305.4182986,40.3256428,C,3-b
3223,306.0890002,42.268212,C,3-b
3224,307.2106873,41.1224121,D,3-b
3225,307.9364048,41.239597,C,3-b
3226,308.260907,41.7985941,D,3-b
3227,308.5250592,39.271094,D,3-b
3228,308.6130748,42.2314728,D,3-b
3229,309.2070305,44.6158401,C,3-b
3230,309.8593488,42.11878,C,3-b
3231,309.9726945,42.0595202,D,3-b
3232,309.9782795,42.2255329,B,3-b
3233,310.1580909,43.0864249,B,3-b
3234,310.3137273,42.2169644,D,3-b
3235,310.5607165,37.1674109,D,3-b
3236,312.2663905,46.5463209,D,3-b
3237,313.6660006,42.9055315,C,3-b
3238,313.7602093,44.4147591,D,3-b
3239,316.1902461,51.8201443,D,3-b
3240,319.1035002,51.3796807,C,3-b
3241,319.4519722,30.899816,D,3-b
3242,321.4610586,48.9546816,D,3-b
3243,322.1810083,50.7261664,D,3-b
3244,324.0376434,54.4064954,D,3-b
3245,326.827615,56.1465276,B,3-b
3246,330.3736095,57.4917683,D,3-b
3247,334.874472,56.287003,C,3-b
4001,6.218937,-1.8931744,B,3-b
4002,26.910456,60.6992399,F,3-a
4003,33.7017618,62.4395354,B,3-a
4004,38.3342065,61.369684,B,3-b
4005,43.4959654,60.6662914,B,3-a
4006,50.1645313,56.3994803,B,3-a
4007,50.6317054,0.529994,B,3-a
4008,52.2564265,31.339071,D,3-b
4009,57.7675084,58.7069572,A,3-a
4010,65.1985224,57.4413213,B,3-a
4011,71.7780842,26.1793695,B,3-a
4012,73.8761731,3.0745156,B,3-a
4013,75.3346357,43.5474486,A,3-a
4014,80.0729675,39.2827104,B,3-a
4015,81.9283142,-8.3273543,B,3-a
4016,83.8619146,-5.1854529,A,3-a
4017,86.7724319,0.3639948,C,3-b
4018,92.4916502,9.8755318,A,3-a
4019,93.5001846,27.703384,E,3-a
4020,94.5682316,-17.0429586,E,3-a
4021,95.0890835,35.3725077,F,3-a
4022,98.6168183,-5.0619271,B,3-a
4023,99.7154541,10.2699039,B,3-b
4024,100.2056934,9.8816694,B,3-b
4025,100.2690375,9.9121971,A,3-a
4026,101.1569612,1.3257247,B,3-a
4027,102.8660455,-1.371101,A,3-a
4028,105.9152006,10.7703622,B,3-a
4029,111.4836862,-14.1788133,B,3-a
4030,116.8720917,-31.8445379,G,3-a
4031,117.2486502,-2.8765227,B,3-a
4032,121.573841,-48.1446248,G,3-a
4033,127.1840938,-40.8275956,G,3-a
4034,132.9987682,-46.3020441,G,3-a
4035,137.0422868,-28.3195708,G,3-a
4036,137.496392,-52.1724167,G,3-a
4037,139.0402782,-49.7700069,G,3-a
4038,144.1842543,-53.4671043,G,3-a
4039,148.2266207,-54.180115,G,3-b
4040,148.49036,-76.6144883,G,3-a
4041,148.7170908,-60.5903466,G,3-b
4042,149.137151,-10.0216394,B,3-a
4043,154.5207777,-58.2739281,G,3-a
4044,158.3282006,-63.4884504,G,3-a
4045,161.8623168,-65.2242982,G,3-a
4046,163.2319159,-60.6448507,G,3-a
4047,163.9956413,-60.3918516,G,3-a
4048,165.4902473,-71.513359,G,3-a
4049,165.5181577,-62.1619907,G,3-a
4050,166.5322256,-60.3267842,G,3-a
4051,167.562365,-61.0854135,G,3-a
4052,168.5063375,-57.7209427,G,3-a
4053,171.403287,-60.4063916,G,3-a
4054,171.4494717,-59.632214,G,3-a
4055,173.9185463,-58.1509038,G,3-a
4056,173.9388772,-63.1355503,G,3-a
4057,179.8295072,-27.150847,B,3-a
4058,181.2034376,-62.0022462,G,3-a
4059,181.7334151,-59.3575497,G,3-a
4060,181.8713734,0.6166344,B,3-b
4061,183.8356624,-63.6537086,G,3-a
4062,185.3023968,-49.2113762,G,3-a
4063,186.2235246,-47.1520879,G,3-a
4064,191.9330484,-63.8046408,G,3-a
4065,197.1270267,-59.383763,G,3-a
4066,197.9894721,-68.0598073,G,3-a
4067,198.9997474,-59.567325,G,3-a
4068,201.6594811,-63.8364715,G,3-a
4069,203.7664679,-63.7660915,G,3-a
4070,203.7898472,-61.7182599,G,3-a
4071,210.1220838,-62.7858968,G,3-a
4072,213.5386488,-63.4294128,G,3-a
4073,213.9984713,-61.8972828,G,3-a
4074,219.1663845,-72.129532,G,3-a
4075,224.2533428,-68.8396863,G,3-a
4076,226.1452636,-55.6013248,G,3-a
4077,239.6859623,-51.865165,G,3-b
4078,239.8856573,-54.8890988,G,3-a
4079,245.1469245,-32.1602653,G,3-a
4080,245.2024317,-49.6706091,G,3-a
4081,246.2390257,-48.7278775,G,3-a
4082,246.5790813,-24.3856127,D,3-b
4083,246.5849234,-34.2869203,G,3-a
4084,246.8121323,-48.6573899,G,3-a
4085,247.6129417,-54.5447427,G,3-a
4086,247.8837196,-42.021867,G,3-b
4087,253.2131576,-52.9985107,G,3-b
4088,256.8536504,-28.6299324,G,3-a
4089,256.9026864,-48.3190382,G,3-a
4090,258.5752497,-38.983115,G,3-a
4091,260.7778235,-31.1613895,G,3-b
4092,261.1857664,-38.7312139,G,3-a
4093,261.9734406,-43.8462165,G,3-a
4094,262.370641,-59.9006083,G,3-a
4095,262.8540602,-23.9628474,A,3-a
4096,264.2202203,-33.7540651,G,3-a
4097,264.4938697,-35.3845108,G,3-a
4098,267.9731431,-29.5149053,G,3-a
4099,268.5880393,-15.9311184,D,3-b
4100,269.0773012,-33.8120655,G,3-a
4101,269.0886099,-21.9561828,B,3-a
4102,270.8382453,-30.2014334,G,3-a
4103,271.3943049,65.9559982,B,3-a
4104,271.6572918,-25.4909203,B,3-b
4105,271.7622829,-33.0535531,G,3-a
4106,272.3514178,-31.6575949,G,3-a
4107,273.5322249,-27.8254869,D,3-a
4108,274.2785063,-23.9642563,B,3-a
4109,274.5759575,-23.472146,A,3-a
4110,275.1859813,-27.2636341,A,3-b
4111,275.8246336,64.3435353,B,3-a
4112,276.8004373,-5.8499709,F,3-b
4113,277.9004455,54.7919672,C,3-a
4114,278.209586,-25.3005515,B,3-a
4115,278.5527056,-0.4393937,A,3-a
4116,278.5675652,-17.6038895,A,3-a
4117,279.1302359,-20.9875529,A,3-a
4118,279.270928,-12.4717012,F,3-b
4119,279.4513563,-23.8117034,F,3-a
4120,281.7366674,-2.1027334,B,3-a
4121,282.2807117,13.21502,B,3-a
4122,282.53759,-5.2511769,C,3-a
4123,283.0736806,0.9960794,F,3-a
4124,286.2677104,13.762075,A,3-a
4125,287.4301073,11.0875544,C,3-a
4126,288.7549077,3.8117836,B,3-a
4127,289.5946421,-2.7030528,B,3-a
4128,290.2988144,3.3493984,F,3-a
4129,290.5290135,28.6682779,A,3-a
4130,291.637249,-11.6313461,B,3-a
4131,292.7096187,29.4994714,F,3-b
4132,293.1664717,24.2822704,A,3-a
4133,293.2990452,20.8583576,F,3-b
4134,293.3939779,11.6173737,F,3-a
4135,293.4333612,19.3798726,C,3-a
4136,294.3589384,19.3482541,F,3-b
4137,294.8737228,8.6077726,A,3-a
4138,294.9306179,26.4926502,F,3-b
4139,295.7205038,37.6782233,A,3-a
4140,295.885917,-61.1261621,G,3-a
4141,296.808876,19.4881533,A,3-a
4142,297.2247734,43.0373746,A,3-a
4143,297.3934211,21.0209822,C,3-a
4144,297.4440835,48.9611409,C,3-b
4145,299.1838497,37.6276348,F,3-a
4146,299.3203316,-11.2379169,B,3-a
4147,300.227279,23.0960388,E,3-a
4148,300.2832556,-30.5107675,G,3-a
4149,300.7604477,5.737935,B,3-a
4150,301.3729935,35.7643612,C,3-b
4151,301.9775981,18.7152072,E,3-a
4152,302.725807,38.3025912,B,3-a
4153,302.98327,20.3343563,A,3-a
4154,303.5155259,16.7264004,B,3-a
4155,304.636782,34.3886567,A,3-b
4156,309.133678,26.6038984,B,3-a
4157,309.6911223,42.11797,B,3-a
4158,310.4735468,46.8221555,B,3-a
4159,311.8070046,46.5882065,F,3-a
4160,311.9423473,19.335516,A,3-b
4161,312.6687445,44.3393282,F,3-b
4162,312.7331454,49.0107408,B,3-a
4163,314.6518299,50.5519987,A,3-b
4164,321.0009879,18.2787955,A,3-a
4165,321.4333533,45.5425272,B,3-a
4166,324.1072332,50.6390205,B,3-a
4167,329.1186249,57.2459796,C,3-b
4168,329.2618289,48.380523,B,3-a
4169,333.2188373,43.7502285,A,3-a
4170,337.1940896,50.5700397,A,3-a
4171,337.2537283,40.3154199,A,3-b
4172,339.3043845,39.8739518,B,3-a
4173,340.6742691,60.4001637,B,3-a
4174,342.0273586,58.0771792,B,3-b
4175,350.1566953,39.6207204,A,3-b
