jds,mags,magerrs,flxs,fluxerr
2458423.811,12.90184698,0.09010729088,91.04607079004704,12132689.510595674
2458424.799,12.82059467,0.1676822262,98.12103757964029,11296063.095556347
2458425.809,12.93579315,0.1201414624,88.24350300998204,11801668.597049005
2458426.797,12.96589954,0.1672895811,85.83021175682163,11300148.936940998
2458428.804,13.02695582,0.09591057791,81.13676201466177,12068012.986069392
2458430.902,12.94707084,0.1237705122,87.33164968305438,11762287.626500996
2458431.8,13.02978838,0.1961366717,80.92536148010012,11003866.96808535
2458432.784,12.87954568,0.1382442363,92.93551887016905,11606527.519848203
2458433.891,12.75298304,0.1104562272,104.42555304570571,11907415.523598528
2458434.804,12.95704195,0.1345469941,86.53329081158891,11646118.43541069
2458435.771,12.82624566,0.1105475794,97.6116684241652,11906413.693836119
2458437.773,12.89771953,0.1405914056,91.39284313914689,11581463.365728557
2458439.754,12.82506539,0.1157797887,97.71783672330038,11849174.206540296
2458441.749,12.72312698,0.1023540685,107.33693947985012,11996605.361413497
2458443.78,12.69509826,0.1097931742,110.14396238586046,11914689.53622983
2458447.812,12.581981,0.07680326366,122.23838403769103,12282271.536496175
2458449.747,12.62486656,0.08139218658,117.5041961991341,12230469.399491362
2458450.759,12.48092177,0.1667367268,134.16254622425097,11305904.41118729
2458451.724,12.59776767,0.06546552888,120.47388956457127,12411200.410031771
2458457.703,12.61525332,0.08529651995,118.54921212120699,12186567.32266936
2458462.706,12.69500627,0.182131746,110.15329482986954,11146725.379488204
2458464.689,12.53585892,0.07405725607,127.54294243315341,12313374.761716705
2458465.687,12.51296951,0.06909367581,130.26033657577705,12369795.780071689
2458466.71,12.51238206,0.08454466218,130.33083449186307,12195009.279841147
2458468.675,12.60587849,0.06196560749,119.57726172080538,12451273.047810243
2458469.672,12.63356151,0.09722019802,116.5669400130984,12053465.267647808
2458471.683,12.60929301,0.1577410322,119.20179519869727,11399966.815035874
2458472.69,12.57778324,0.07367695942,122.71190663314489,12317688.475627266
2458475.693,12.55844795,0.0715440271,124.91679126840012,12341910.399098178
2458479.679,12.45874785,0.0759416883,136.93070999221837,12292021.881236624
2458481.676,12.50566065,0.05435436373,131.1401693004385,12538865.806827657
2458482.673,12.41483502,0.05095992333,142.5824234264993,12578128.599539503
2458483.671,12.45840938,0.07839058665,136.9734037534755,12264328.239109863
2458486.662,12.47149088,0.07809152029,135.33298093990825,12267706.917272681
2458487.699,12.37642742,0.06407431468,147.71650785293065,12427113.764723558
2458488.721,12.4545416,0.07434051866,137.46222207679338,12310162.689150982
2458490.648,12.45456411,0.05996436383,137.45937217409184,12474244.566931307
2458494.681,12.35444307,0.09268505842,150.73800807632068,12103918.106099533
2458506.682,12.09048696,0.03076132921,192.22294027122047,12814317.146640008
2458508.692,12.02204149,0.04393798267,204.7309039588838,12659740.597642628
2458509.711,11.9742117,0.03712337895,213.9514922946495,12739449.114188852
2458510.678,11.99133917,0.06739039293,210.60289266703148,12389216.516405456
2458511.691,11.94682097,0.04199794423,219.4176765853303,12682381.768787822
2458512.658,11.91994514,0.05223317606,224.91682487744046,12563386.759275734
2458514.65,11.84573942,0.0328807109,240.82647671461189,12789327.706925511
2458534.629,11.52478022,0.02885747752,323.65916696076016,12836806.920481138
2458540.673,11.40334353,0.03049258253,361.96167394125575,12817489.401026826
2458597.999,12.18061756,0.05069419597,176.91024176361657,12581207.3970739
2458636.894,14.09833884,0.3205708139,30.245757373727415,9812319.354624674
2458675.974,14.0387985,0.2650575232,31.95071637288548,10327066.906593993
2458686.976,14.38486536,0.3538694833,23.230248522148873,9515951.210334947
2458717.993,14.11273093,0.3443856941,29.84747712305219,9599436.107661156
2458730.993,13.86707873,0.3022219885,37.42557728443334,9979555.656698605
2458733.953,14.0206896,0.2633233467,32.48808853482466,10343574.845349358
2458737.977,14.19704154,0.34133088,27.617437764167008,9626482.995182661
2458743.01,13.70807369,0.3245943975,43.32818769403748,9776023.592869036
2458778.862,13.87836272,0.2039106398,37.038629791479295,10925359.693728944
2458780.84,14.12147997,0.3382650871,29.607927728717453,9653703.704947373
2458782.841,13.8812393,0.3210253465,36.94062848629973,9808212.385023937
2458783.894,13.97019904,0.2675630492,34.03457909013083,10303262.871837204
2458784.886,14.0877165,0.33833163,30.54312010856587,9653112.06422242
2458785.919,13.94452034,0.2500414817,34.84912386028681,10470885.421614986
2458786.852,13.75447944,0.2370299771,41.51530414950175,10597123.828950673
2458787.808,13.94047616,0.2412020615,34.979172887572304,10556481.12207705
2458788.823,13.7246823,0.232346026,42.67043595709424,10642939.406815082
2458789.833,13.59967352,0.2102779205,47.8774037645926,10861475.622333918
2458790.819,13.64430594,0.2127297401,45.94916503351456,10836975.81028434
2458791.812,13.57013796,0.229313414,49.19770182287773,10672708.169392018
2458792.822,13.72175734,0.214475123,42.78554456843569,10819568.748495204
2458793.785,13.59752037,0.2217665499,47.97244482196119,10747151.722107127
2458794.79,13.68062152,0.1915388292,44.437681510491025,11050564.614742255
2458795.796,13.64073065,0.1840890864,46.100723370927035,11126648.420469753
2458796.78,13.7295337,0.2175364355,42.48019679467042,10789105.151810894
2458797.815,13.65311543,0.2143490369,45.577849289255525,10820825.29353449
2458798.838,13.58777563,0.1918146917,48.40494689544872,11047757.257735066
2458799.789,13.70578255,0.3130826923,43.41971615085347,9880227.008726435
2458800.803,13.46173994,0.1535808822,54.36307622115738,11443731.172112677
2458801.791,13.57652958,0.1918203796,48.908930710262524,11047699.381453855
2458804.837,13.63779802,0.2354708644,46.225412143851024,10612352.186257143
2458805.788,13.86281569,0.1864482609,37.57281412260396,11102497.796198498
2458812.747,14.002251,0.1847277078,33.044531584192924,11120105.73873236
2458827.748,14.06782955,0.2436087293,31.107719912309,10533107.298692001
2458830.803,13.74845263,0.3510296042,41.746392112199985,9540873.953263965
2458833.754,13.80569861,0.3463320658,39.602313371079994,9582242.85807841
2458837.704,13.93487236,0.3033773139,35.16017726789614,9968942.119130004
2458846.676,13.85725837,0.2281387424,37.76562287614468,10684261.354689216
2458849.726,13.6853227,0.1808285157,44.245684681854165,11160113.044057649
2458851.681,13.46017569,0.2573884805,54.44145504736351,10400269.849003285
2458854.689,13.96873589,0.2588467522,34.08047537986877,10386310.437370127
2458855.71,14.11949641,0.269209576,29.66206867052401,10287649.740946265
2458856.726,14.1559443,0.2879886074,28.68284856484634,10111243.215988167
2458859.659,14.25296708,0.3557992579,26.23089856342969,9499052.694041321
2458876.659,14.28647609,0.3108915989,25.433701152741683,9900186.146966295
2458877.665,14.09911485,0.3291863582,30.22414749801535,9734764.657718994
2458878.657,14.21208422,0.3268549973,27.23744159490123,9755690.21346252
2458882.656,14.0034136,0.2544397937,33.009166630040305,10428553.717170171
2458886.661,14.14732166,0.316516621,28.91154736376551,9849027.534749778
2458887.646,13.87662298,0.2879575497,37.09802657606978,10111532.454247493
2458891.651,14.08954544,0.3397892217,30.49171304446449,9640161.537602322
2458893.676,13.96454605,0.2728839515,34.21224551767171,10252892.866233684
2458894.65,13.95869497,0.3572696277,34.397114494538165,9486197.207730627
2458895.659,13.98368394,0.3041581622,33.614482065512526,9961775.15446499
2458896.655,13.97855407,0.3356480888,33.773679051605875,9677000.52206835
2458897.647,13.73834696,0.2454599223,42.13676751195864,10515163.528369565
2458898.638,13.64743337,0.1755015246,45.81700030566659,11215002.898455279
2458899.643,13.6415184,0.2042136555,46.06728737286403,10922310.984865768
2458900.637,14.01597973,0.3597996263,32.62932637726073,9464118.06493108
2458906.627,13.71318368,0.3333314124,43.1247438013111,9697670.74862266
2458909.625,13.80494701,0.2627129576,39.62973753121168,10349391.525649553
2458912.635,13.55106281,0.1671374319,50.069686941455686,11301732.589660736
2458913.649,13.74616715,0.2755309316,41.834361025969926,10227927.181195242
2458915.619,13.81742027,0.1879756195,39.17706453542113,11086890.346124355
2458957.01,13.43728119,0.3181316872,55.6016300755466,9834387.692846468
2458962.999,13.9526351,0.317108821,34.58963346798085,9843656.981833473
2458980.942,13.7047842,0.3560607712,43.45965956355954,9496765.002553169
2458992.932,13.58875123,0.2796614198,48.36147164282277,10189090.790858118
2459009.876,13.57629506,0.3092566151,48.91949622447082,9915105.82778136
2459014.867,13.64481989,0.3420152538,45.92741943384756,9620417.03108598
2459017.861,13.85058751,0.3412132599,37.99837251373895,9627525.908940423
2459089.013,12.70903426,0.05040304407,108.73924067440501,12584581.63623809
2459093.004,12.74126369,0.07339088629,105.55881932669672,12320934.40585179
2459094.997,12.65835929,0.06812185469,113.93477106002258,12380872.697581386
2459102.976,12.75528009,0.1507524219,104.20485749200222,11473582.195823856
2459104.977,12.63152879,0.08952884186,116.78538156016876,12139155.180793285
2459107.968,12.55324777,0.0566721322,125.51652065236675,12512127.092957277
2459109.961,12.58822981,0.09604415427,121.53687796125735,12066528.369379662
2459111.955,12.5394413,0.06434618268,127.12280876619218,12424002.408950843
2459113.951,12.41680171,0.05774869212,142.3243850487161,12499726.862970587
2459115.943,12.51985531,0.07018277007,129.43683231940724,12357393.947093409
2459119.931,12.41931325,0.04265899625,141.99553880594985,12674662.43295857
2459121.924,12.56277602,0.09022426226,124.41982667319503,12131382.470281051
2459123.918,12.47458531,0.08146051522,134.9478208744388,12229699.723541297
2459125.911,12.51212305,0.06611450705,130.3619295369555,12403784.0677081
2459127.909,12.41860302,0.3102717557,142.08845500734708,9905839.744074097
2459129.902,12.50695837,0.06187408148,130.9835183984914,12452322.71657123
2459133.89,12.53063135,0.06573494349,128.15851307990314,12408121.076508986
2459135.889,12.48366841,0.07053994201,133.82357760030135,12353329.434511654
2459137.882,12.55573895,0.0859866103,125.22885796067749,12178824.041744007
2459139.878,12.51111539,0.08993778196,130.4829731913278,12134583.856235677
2459141.87,12.68568427,0.09522386892,111.10312947105649,12075648.205640439
2459143.868,12.4486794,0.05829213112,138.20642717129533,12493471.992473599
2459145.864,12.52721101,0.05709811709,128.5628809746645,12507218.965552486
2459149.85,12.55145924,0.112810655,125.72345403468627,11881622.172739616
2459151.842,12.52944504,0.0963546322,128.29861968663286,12063078.309296258
2459153.835,12.5171797,0.07110482862,129.75620046631508,12346903.918484336
2459155.831,12.59639685,0.09963554759,120.62609257307415,12026680.70157603
2459156.85,12.57460472,0.08550252576,123.07167517963316,12184255.28268483
2459157.824,12.51836984,0.07489904961,129.614044907917,12303831.649770556
2459158.822,12.54790583,0.06034491977,126.1355972738737,12469873.048330508
2459163.929,12.60452088,0.07069912368,119.72687524830737,12351518.424196724
2459165.878,12.70951274,0.09861825418,108.69133024393703,12037954.52339859
2459169.813,12.59065302,0.06748778066,121.26592727412577,12388105.285558803
2459171.798,12.61779274,0.07433015797,118.27226229132978,12310280.160031568
2459173.781,12.70296718,0.09745086019,109.34857504872197,12050904.808549626
2459174.78,12.63169946,0.08699634206,116.76702517258579,12167503.03310155
2459176.772,12.62747729,0.07086255345,117.22198842434135,12349659.35945405
2459178.767,12.64255634,0.07263373618,115.60522518615778,12329529.541876294
2459180.762,12.6241648,0.09935241824,117.5801689803869,12029817.329323351
2459181.758,12.64088887,0.0757228787,115.78290770813173,12294499.355431264
2459183.756,12.70516955,0.2043421945,109.1269908991451,10921017.982179388
2459184.763,12.61326261,0.07189296796,118.7667728740265,12337944.514159352
2459185.748,12.63959824,0.1050249331,115.92062232538548,11967130.493934933
2459186.746,12.55735919,0.09124422803,125.04211878299786,12119991.319643514
2459187.743,12.52406902,0.06722972496,128.93546533768065,12391050.016612617
2459188.74,12.63976867,0.09470382577,115.90242748112941,12081433.55414312
2459189.739,12.54789514,0.05974697245,126.13683919264453,12476742.470870893
2459190.734,12.60553232,0.09736159778,119.61539313811853,12051895.598965159
2459195.722,12.52963683,0.0594707505,128.27595836338503,12479917.080458082
2459197.718,12.53898951,0.1930443501,127.17571734976556,11035252.122988382
2459199.735,12.48232198,0.05890038252,133.9896362145783,12486474.856714962
2459200.707,12.56427549,0.12417777,124.24811366611227,11757876.439824628
2459202.702,12.4491948,0.06301865928,138.14083601934246,12439202.45570262
2459203.717,12.51163251,0.06181277917,130.42084089013161,12453025.813414218
2459204.695,12.45739403,0.06554486853,137.10155734651818,12410293.500678554
2459205.693,12.46622188,0.05689707039,135.9913383873999,12509535.1524051
2459206.691,12.41720303,0.164304419,142.27178749593824,11331260.722442074
2459210.68,12.44668228,0.05870235109,138.46088016577843,12488752.518616764
2459211.683,12.45024727,0.05670318818,138.00699260454252,12511769.20601407
2459215.666,12.47994362,0.0557066364,134.28346899115897,12523258.50680768
2459216.719,12.44468295,0.06817336342,138.71608399002264,12380285.346897833
2459217.711,12.48247911,0.07230391664,133.9702463590634,12333275.513927514
2459218.689,12.54883692,0.07553742501,126.02747409500996,12296599.547909722
2459219.674,12.54815777,0.06769791865,126.10633149505449,12385707.871130524
2459220.686,12.47159219,0.0659157355,135.32035361423561,12406055.102860004
2459221.684,12.42084883,0.07188495007,141.79485342033607,12338035.627126556
2459222.693,12.51411629,0.08125157885,130.12282519263252,12232053.402945159
2459223.69,12.53196578,0.06773507975,128.00109591793176,12385283.957245966
2459224.68,12.51546558,0.1053600529,129.96121653025503,11963437.328411084
2459225.688,12.59744962,0.2432463228,120.5091857379031,10536623.717951713
2459226.683,12.54893618,0.07844370694,126.01595295827221,12263728.21422996
2459227.683,12.49531053,0.05825483421,132.3962816155449,12493901.172141712
2459228.67,12.52475672,0.06727690873,128.85382410307685,12390511.539818961
2459229.666,12.54851054,0.0795816764,126.0653645419223,12250881.228841629
2459231.651,12.54311574,0.06679633094,126.69331621172627,12395997.147335788
2459232.671,12.58297169,0.06244307694,122.12689736957599,12445798.609881708
2459233.668,12.63352713,0.07342918579,116.57063118120254,12320499.790793
2459243.705,12.7055448,0.0995678341,109.0892811613117,12027430.786094744
2459250.667,12.87014282,0.09268529579,93.74386861793549,12103915.459870405
2459251.668,12.85326655,0.07413928325,95.21237095811932,12312444.523551423
2459252.643,12.89579502,0.09526828664,91.55498419581288,12075154.198176175
2459253.647,13.02299719,0.1640007082,81.43312927819339,11334430.836527282
2459254.653,12.94272772,0.1035434698,87.68169001468596,11983470.526976518
2459255.646,12.83709416,0.106495555,96.64120490153388,11950932.074334243
2459256.658,13.00760951,0.1178206733,82.59546375777852,11826921.947847025
2459257.643,13.01310125,0.1123258999,82.17874412772514,11886928.215670908
2459260.634,13.0606636,0.1673228328,78.65648957110213,11299802.864472397
2459263.653,13.24646246,0.1756607255,66.28496266473896,11213358.569331355
2459264.65,13.23091663,0.1687764403,67.24087372379559,11284684.562595716
2459265.647,13.26773546,0.127275441,64.9988714166288,11724378.316655712
2459266.652,13.48638235,0.2187030087,53.14312147016426,10777518.984194476
2459267.639,13.23061607,0.1869644855,67.25949032190762,11097220.252581673
2459268.641,13.62579281,0.1502081803,46.73937234183663,11479334.943144992
2459269.637,13.44171023,0.1995648191,55.375276530974475,10969177.706981944
2459270.647,13.66422442,0.2326707519,45.113885400063936,10639756.75407518
2459271.635,13.34584403,0.1478682452,60.4870477510212,11504101.423447095
2459272.63,13.6641132,0.2343472457,45.118506986149264,10623340.49961315
2459273.631,13.56774834,0.3128193586,49.306101341133875,9882623.642704513
2459274.651,13.57774123,0.2541921484,48.854380211317455,10430932.634678133
2459460.0,14.34515014,0.323559963,24.09572200243592,9785342.13173387
2459463.99,14.24980392,0.3615776887,26.307430516005336,9448631.779350977
2459465.981,14.16284814,0.3546729032,28.501042384959757,9508912.229264893
2459469.983,14.01359034,0.2567675923,32.70121311829422,10406219.039527493
2459473.96,14.28411226,0.3391246292,25.48913491257251,9646064.205545885
2459478.982,14.10251629,0.2306598515,30.129608184540874,10659480.989698624
2459479.953,14.37224865,0.2556949759,23.50176828289923,10416504.591830758
2459489.916,14.25622726,0.2973049984,26.15225221662641,10024852.713835241
2459496.93,14.19383616,0.2887056098,27.69909220715143,10104568.120943781
2459498.962,14.05754597,0.2876058365,31.403757277581377,10114808.512931209
2459502.02,14.07726454,0.2774125745,30.8385666347486,10210216.949649576
2459504.878,13.81339939,0.1974994188,39.322420583970974,10990064.277359825
2459507.902,14.05697092,0.2557867763,31.420394388609267,10415623.900131024
2459508.888,13.75299091,0.1900543379,41.57226011731604,11065684.021016927
2459509.895,13.6429591,0.2108573283,46.00619967368676,10855680.895435032
2459514.847,13.71218661,0.1948493359,43.16436497045863,11016921.77193363
2459515.881,13.47934994,0.1967630265,53.48845135516065,10997520.732991278
2459516.912,13.5943793,0.175693657,48.11143160803079,11213018.461747251
2459517.909,13.51879835,0.1800883007,51.5799194993325,11167724.192754557
2459518.889,13.3834674,0.1330278559,58.42692633718983,11662424.833103653
2459520.867,13.40285898,0.1702409896,57.39266718518516,11269472.916159706
2459521.927,13.3544557,0.1214185248,60.00918381964837,11787795.423283892
2459523.858,13.51495707,0.2497472277,51.76272985247789,10473723.604094077
2459524.887,13.33013321,0.1491303332,61.36867067442431,11490736.526134571
2459525.883,13.19456505,0.09789472112,69.53028027172476,12045979.272686264
2459526.85,13.25891764,0.1011556097,65.52890999787382,12009854.781653853
2459527.879,13.41843383,0.2665166919,56.57524821113713,10313197.22871052
2459529.808,13.07615054,0.1025042253,77.54249737214431,11994946.351328587
2459530.874,13.10732591,0.08063838084,75.34763685707415,12238963.727268092
2459531.87,13.07123864,0.085684401,77.89409645288009,12182214.42897788
2459532.836,12.96392714,0.09895353719,85.98627671402494,12034237.691923438
2459533.848,13.06744733,0.1529502253,78.16657229471905,11450380.268311208
2459534.799,13.0065739,0.09913175181,82.67428354350383,12032262.533425478
2459535.794,12.89092858,0.2642316076,91.96626903114978,10334925.657682994
2459536.822,12.98250932,0.09518833407,84.5271589286359,12076043.433659855
2459537.847,12.86369966,0.1088277966,94.30183333531231,11925288.141497606
2459538.86,12.99798172,0.1348326134,83.33113785650677,11643055.151074268
2459540.79,12.94532612,0.08799263749,87.47209979000237,12156342.985742927
2459542.771,12.83133188,0.08755085258,97.1554679730281,12161290.395288324
2459543.839,12.78809012,0.09756570827,101.10297893725001,12049630.143418498
2459544.889,12.77893646,0.07385943839,101.9589644754411,12315618.423785739
2459545.832,12.67123742,0.07199566843,112.5913514338108,12336777.515427731
2459546.83,12.65221868,0.06233023559,114.5809788370194,12447092.177963465
2459547.826,12.69107876,0.06380297592,110.55248166513316,12430219.840588335
2459548.873,12.61632391,0.08425961764,118.43237430418375,12198211.32573233
2459549.864,12.65126744,0.05728979107,114.68141001904594,12505011.157770524
2459550.841,12.5479936,0.05244612553,126.12540099060129,12560922.897250654
2459551.815,12.59149691,0.07609587827,121.17170978080738,12290276.36340001
2459552.849,12.53438327,0.05868885171,127.71640694473363,12488907.79709357
2459553.806,12.46795635,0.05441043625,135.77426485538314,12538218.257592756
2459554.85,12.39574409,0.05428579619,145.11167796500916,12539657.69930371
2459560.726,12.24386679,0.04485608306,166.89882685505606,12649040.024210058
2459566.824,12.0394191,0.03987937961,201.4801938345398,12707152.680958342
2459584.764,11.50493209,0.02342379376,329.6303290598045,12901211.12758692
2459585.79,11.46843665,0.03215005427,340.8986960187864,12797937.304743486
2459589.697,11.32041646,0.02377023941,390.691008199394,12897095.159603382
2459591.772,11.29277456,0.02469600816,400.7653596266246,12886102.951028604
2459600.751,11.11832148,0.0136904653,470.6211145257089,13017386.924915155
2459604.709,11.05233816,0.01413603854,500.10907575444946,13012045.840000255
2459607.699,10.96471764,0.01470560703,542.1418632018501,13005221.615417112
2459610.719,10.90823716,0.01949386301,571.0907632534427,12947992.96587997
2459613.703,10.79727933,0.01737432798,632.5403987207982,12973294.258498648
2459615.694,10.69977922,0.01173791407,691.971666211143,13040818.015345832
2459617.692,10.63881673,0.01159899317,731.9363365700096,13042486.706205567
2459619.695,10.5857884,0.009481195328,768.5721441466345,13067951.737405129
2459839.961,12.09857977,0.05079992455,190.79548442472984,12579982.303517845
2459841.952,12.10713727,0.04715206573,189.29759310526643,12622319.637639988
2459842.985,12.09708095,0.04777259252,191.0590526486953,12615107.711167557
2459844.943,12.12724717,0.04281561295,185.82371231669964,12672834.253489187
2459848.934,12.22259182,0.05305322537,170.2014564051033,12553901.299698915
2459849.938,12.29093491,0.05931938594,159.81812677367847,12481657.050840665
2459850.966,12.2060318,0.04778440595,172.81732559452834,12614970.452337561
2459852.978,12.27346757,0.07395244887,162.41007690439392,12314563.441449175
2459853.956,12.22964659,0.05912528172,169.09912641902233,12483888.678443462
2459855.951,12.16894028,0.1933266762,178.82321061769926,11032382.977936424
2459858.94,12.2416863,0.04725336938,167.23434748946744,12621141.978284376
2459859.941,12.26251188,0.05620149074,164.0571822154167,12517551.985518048
2459873.868,12.53020386,0.1537653608,128.20898323052614,11441786.92068706
2459877.875,12.33347852,0.07624857944,153.67690025826636,12288547.943915442
2459878.957,12.39856275,0.05064479627,144.73544475637922,12581779.840000156
2459880.881,12.38178449,0.06891475186,146.98946324173593,12371834.429136263
2459881.91,12.31309497,0.06845738375,156.5892745113583,12377047.182008494
2459882.908,12.46572984,0.1139150642,136.05298166887252,11869542.349743655
2459883.857,12.42656561,0.05042242476,141.0502161438056,12584356.999998076
2459889.827,12.3539392,0.08821752475,150.80797902005725,12153825.317502558
2459894.808,12.24034886,0.06848175045,167.44047833436707,12376769.412500514
2459896.803,12.33560231,0.04862098429,153.37658931724903,12605254.145332217
2459898.852,12.28870737,0.06112118136,160.1463526462981,12460960.732538888
2459899.863,12.35833763,0.1077905264,150.19827607098276,11936686.542537335
2459900.912,12.32331771,0.09042750906,155.12182873178358,12129111.721744291
2459901.84,12.33484528,0.0668070114,153.48356849637227,12395875.207678683
2459902.903,12.39106658,0.07908244995,145.73818882938406,12256515.53504602
2459903.814,12.3360665,0.05958348165,153.3110295049353,12478621.367592126
2459904.851,12.39199713,0.06014733604,145.61333477068092,12472142.53904025
2459906.808,12.38779568,0.05652979074,146.1779031997257,12513767.556985985
