Name,RA,Dec,Classification,Instrument_Date
WISE-ToI-1,2.1755086,63.0093535,H-rich,TSPEC_20200904
WISE-ToI-2,4.7942272,52.0343285,C-star,TSPEC_20200203
WISE-ToI-3,7.3382829,64.8140565,Em. star,TSPEC_20201222
WISE-ToI-4,9.7554102,59.4680639,Other,TSPEC_20201029
WISE-ToI-5,11.6177924,58.9057907,RVT/YSO,TSPEC_20210204
WISE-ToI-6,12.0930919,74.2992817,RCB,TSPEC_20201029
WISE-ToI-7,12.4480736,63.6361242,RVT/YSO,TSPEC_20210204
WISE-ToI-8,12.8670235,64.9477022,RCB,TSPEC_20200203
WISE-ToI-9,16.2504303,-5.6676941,C-star,TSPEC_20200203
WISE-ToI-10,22.5008221,63.1790352,Em. star,TSPEC_20210204
WISE-ToI-11,23.9377908,58.2392579,H-rich,TSPEC_20201222
WISE-ToI-12,25.2816773,63.7941582,Other,TSPEC_20201222
WISE-ToI-13,28.4849633,64.4799356,Other,TSPEC_20201222
WISE-ToI-14,48.5954605,59.2491743,H-rich,TSPEC_20210702
WISE-ToI-15,52.0608341,58.493759,H-rich,TSPEC_20200203
WISE-ToI-16,58.2176556,48.9866019,Other,TSPEC_20201222
WISE-ToI-17,71.6737948,51.8185352,H-rich,TSPEC_20201222
WISE-ToI-18,78.3588217,37.4525308,Em. star,TSPEC_20201029
WISE-ToI-19,80.0742863,41.373336,RVT/YSO,TSPEC_20210330
WISE-ToI-20,80.2099386,31.9437721,Em. star,TSPEC_20210330
WISE-ToI-21,81.5294915,38.489924,RVT/YSO,TSPEC_20210330
WISE-ToI-22,82.0933414,26.7809956,Other,TSPEC_20210330
WISE-ToI-23,83.0580317,34.1004041,RVT/YSO,TSPEC_20191023
WISE-ToI-24,86.2504204,16.1020942,RVT/YSO,TSPEC_20210330
WISE-ToI-25,86.5772639,37.3680605,RVT/YSO,TSPEC_20201029
WISE-ToI-26,87.7227702,20.2478695,Other,TSPEC_20201029
WISE-ToI-27,89.2315494,29.6023586,H-rich,TSPEC_20210330
WISE-ToI-28,91.0208787,23.55132,RCB-cand,TSPEC_20210330
WISE-ToI-29,92.5623978,20.7228179,RVT/YSO,TSPEC_20201029
WISE-ToI-30,92.7437246,12.7126029,H-rich,TSPEC_20201222
WISE-ToI-31,94.5016059,22.3970209,H-rich,TSPEC_20201222
WISE-ToI-32,96.4088721,27.0559466,RVT/YSO,TSPEC_20210330
WISE-ToI-33,99.7334615,54.4945739,RVT/YSO,TSPEC_20210330
WISE-ToI-34,99.9848147,13.1834016,RVT/YSO,TSPEC_20201029
WISE-ToI-35,100.9207777,56.3035827,C-star,TSPEC_20200203
WISE-ToI-36,101.3786292,-16.0937084,H-rich,TSPEC_20210330
WISE-ToI-38,105.1856014,-14.8491009,Other,TSPEC_20201222
WISE-ToI-39,106.2136737,-11.3673481,RVT/YSO,TSPEC_20201029
WISE-ToI-40,107.1177781,-5.0642637,Em. star,TSPEC_20201029
WISE-ToI-41,110.9861143,-12.6705771,RCB-cand,TSPEC_20201222
WISE-ToI-42,113.3980137,-14.8636521,Other,TSPEC_20201222
WISE-ToI-43,114.5081085,-18.5580685,Other,TSPEC_20201222
WISE-ToI-44,115.716976,13.2361102,M-star,TSPEC_20191023
WISE-ToI-164,260.1870689,-31.8421465,RCB,TSPEC_20210702
WISE-ToI-174,262.4658601,-10.2877775,RCB,TSPEC_20211028
WISE-ToI-178,263.9781732,-26.8629439,RVT/YSO,TSPEC_20210625
WISE-ToI-179,264.3588001,-22.1822935,M-star,TSPEC_20210429
WISE-ToI-181,264.6541735,-28.2929207,RCB,TSPEC_20210702
WISE-ToI-182,265.4119947,-16.2629104,RCB,TSPEC_20240517
WISE-ToI-183,265.5137972,-27.8578614,M-star,TSPEC_20211015
WISE-ToI-185,265.8230262,-18.4006758,RCB,TSPEC_20200904
WISE-ToI-188,266.69128,-25.0539209,RCB,TSPEC_20211015
WISE-ToI-191,267.6321046,-23.662699,RCB,TSPEC_20240517
WISE-ToI-193,267.7796673,-24.3992703,RCB,TSPEC_20211028
WISE-ToI-194,267.9033498,-22.1085218,RCB,TSPEC_20200904
WISE-ToI-195,268.3238895,-19.7757165,RCB,TSPEC_20210702
WISE-ToI-196,268.7611963,-27.935761,RVT/YSO,TSPEC_20210625
WISE-ToI-197,268.9938183,-16.7956536,RCB,TSPEC_20240517
WISE-ToI-199,269.252014,-21.6595919,H-rich,TSPEC_20201003
WISE-ToI-201,269.401924,-6.3464578,H-rich,TSPEC_20210629
WISE-ToI-203,269.4573706,-7.8874953,RCB,TSPEC_20191023
WISE-ToI-204,269.458274,-18.4230046,RCB,TSPEC_20240517
WISE-ToI-207,270.8046691,-25.2250473,RCB,TSPEC_20210429
WISE-ToI-209,271.4603768,-15.2171411,RCB,TSPEC_20240517
WISE-ToI-210,271.555801,-25.3164829,H-rich,TSPEC_20210528
WISE-ToI-211,271.8895266,-16.0075046,H-rich,TSPEC_20210629
WISE-ToI-212,272.5968692,-20.7213484,H-rich,TSPEC_20210702
WISE-ToI-213,272.63807,-14.681394,RVT/YSO,TSPEC_20210702
WISE-ToI-214,272.6917655,-20.5447679,RVT/YSO,TSPEC_20210625
WISE-ToI-215,272.7216811,-18.9501776,H-rich,TSPEC_20210625
WISE-ToI-216,272.8063287,-17.3055206,RVT/YSO,TSPEC_20210625
WISE-ToI-217,273.0829848,-15.0839906,RVT/YSO,IRTF_20200628
WISE-ToI-218,273.3207124,-25.5264302,C-star,TSPEC_20210429
WISE-ToI-219,273.4568819,-18.0642856,C-star,TSPEC_20210429
WISE-ToI-220,273.9093832,-20.6460359,RCB,TSPEC_20211028
WISE-ToI-221,274.154385,-22.1487853,H-rich,TSPEC_20210702
WISE-ToI-222,274.6515997,-18.2924684,RCB,IRTF_20200628
WISE-ToI-223,275.0457025,-19.5815021,RCB,IRTF_20200628
WISE-ToI-224,275.5995103,-27.7831678,C-star,IRTF_20200628
WISE-ToI-225,275.6469007,-3.5370133,RCB,TSPEC_20191023
WISE-ToI-226,276.2577154,-23.1344353,RCB,TSPEC_20201003
WISE-ToI-228,276.7068408,-24.7591213,RCB-cand,TSPEC_20210625
WISE-ToI-229,276.85682,-12.6922015,H-rich,TSPEC_20210625
WISE-ToI-230,277.0043786,-10.1546415,RCB,TSPEC_20210528
WISE-ToI-231,277.4326271,-19.0461747,RCB,TSPEC_20211015
WISE-ToI-232,277.5392904,-14.9737552,M-star,TSPEC_20201003
WISE-ToI-234,277.9998505,-9.1929272,Em. star,TSPEC_20210528
WISE-ToI-235,278.056376,5.0818067,RCB,TSPEC_20210625
WISE-ToI-236,278.3578352,-10.120518,C-star,TSPEC_20210702
WISE-ToI-238,278.6789615,-9.6019232,H-rich,TSPEC_20210528
WISE-ToI-239,279.0886461,-4.9723316,RVT/YSO,TSPEC_20210702
WISE-ToI-240,279.2064538,-11.5724423,RCB,TSPEC_20240517
WISE-ToI-244,279.7673331,-3.4041542,H-rich,TSPEC_20200929
WISE-ToI-245,280.0670711,-3.935832,RCB-cand,TSPEC_20240517
WISE-ToI-246,280.0933719,-2.1666897,M-star,TSPEC_20210528
WISE-ToI-247,280.2411391,-4.438096,Other,TSPEC_20210528
WISE-ToI-248,280.2603414,-0.6934399,RCB,TSPEC_20210528
WISE-ToI-249,280.4933622,-5.8053509,RCB,TSPEC_20191023
WISE-ToI-250,280.6927654,-12.9040899,RCB,TSPEC_20240517
WISE-ToI-251,281.0796867,-4.6720061,RVT/YSO,TSPEC_20210629
WISE-ToI-252,281.3786155,-2.5442128,RVT/YSO,TSPEC_20210528
WISE-ToI-253,282.5758012,-3.3191463,RVT/YSO,TSPEC_20210528
WISE-ToI-254,282.8767565,-0.6524667,C-star,TSPEC_20200929
WISE-ToI-255,283.3808935,5.5380817,H-rich,TSPEC_20201003
WISE-ToI-257,283.8563581,-2.862712,RCB,TSPEC_20210702
WISE-ToI-258,284.6886791,1.9724415,RVT/YSO,TSPEC_20210625
WISE-ToI-261,285.2878135,0.3334786,RVT/YSO,TSPEC_20210625
WISE-ToI-263,285.6723681,6.4835707,Em. star,TSPEC_20210625
WISE-ToI-264,285.7912291,-30.3436498,RCB,TSPEC_20210702
WISE-ToI-266,285.9698918,14.5922172,M-star,IRTF_20200628
WISE-ToI-267,286.0778176,1.5386409,H-rich,TSPEC_20191023
WISE-ToI-268,287.0546935,4.3650289,RCB,TSPEC_20191023
WISE-ToI-269,287.2504027,9.6240924,RVT/YSO,TSPEC_20200929
WISE-ToI-270,287.3283767,3.0920137,RCB,TSPEC_20210702
WISE-ToI-273,288.1248036,12.5277005,RVT/YSO,TSPEC_20210625
WISE-ToI-274,288.1794519,5.8869763,RCB,TSPEC_20191023
WISE-ToI-275,288.3680965,11.6740615,RVT/YSO,TSPEC_20210625
WISE-ToI-276,288.5920021,10.1410738,RVT/YSO,TSPEC_20210629
WISE-ToI-277,289.2923981,32.0566793,M-star,TSPEC_20210429
WISE-ToI-278,289.3132009,10.2244808,RVT/YSO,TSPEC_20210629
WISE-ToI-279,289.5333292,16.2244403,H-rich,TSPEC_20210625
WISE-ToI-280,289.834407,16.0863552,Em. star,TSPEC_20210625
WISE-ToI-281,290.9541033,16.2427047,RCB,TSPEC_20191023
WISE-ToI-282,291.4326128,45.7505754,M-star,TSPEC_20210625
WISE-ToI-284,291.7446589,13.8874867,RVT/YSO,TSPEC_20210702
WISE-ToI-285,292.6952873,16.4546482,H-rich,TSPEC_20200929
WISE-ToI-287,294.279802,19.3252457,RVT/YSO,TSPEC_20210702
WISE-ToI-288,294.8723107,24.7511328,RCB-cand,TSPEC_20210702
WISE-ToI-289,295.5097084,16.1035228,RVT/YSO,TSPEC_20210629
WISE-ToI-290,295.5765975,-20.5465352,RCB,TSPEC_20191023
WISE-ToI-291,296.1475877,26.2313397,M-star,TSPEC_20201003
WISE-ToI-292,296.541241,24.0497381,Em. star,TSPEC_20210702
WISE-ToI-293,296.9163867,23.4441028,RCB-cand,TSPEC_20201003
WISE-ToI-294,302.3008916,35.3958088,H-rich,TSPEC_20201029
WISE-ToI-296,303.7259788,41.1509737,RVT/YSO,TSPEC_20210702
WISE-ToI-297,304.3258975,40.668789,RVT/YSO,TSPEC_20210625
WISE-ToI-298,304.4688188,35.2885178,Em. star,TSPEC_20210916
WISE-ToI-299,304.9838631,37.9019368,RVT/YSO,TSPEC_20210915
WISE-ToI-300,305.2438396,38.1638603,Em. star,TSPEC_20210625
WISE-ToI-301,305.2861534,24.5481506,M-star,TSPEC_20200929
WISE-ToI-302,305.7533015,43.186566,H-rich,IRTF_20200628
WISE-ToI-303,306.0117901,35.7704049,H-rich,TSPEC_20211028
WISE-ToI-304,306.5182692,38.0613852,RVT/YSO,TSPEC_20211028
WISE-ToI-307,308.1799072,41.0132131,RVT/YSO,TSPEC_20210702
WISE-ToI-310,312.2688896,45.1040538,RVT/YSO,TSPEC_20210702
WISE-ToI-314,317.8007102,52.2498796,RVT/YSO,TSPEC_20211129
WISE-ToI-315,317.857368,53.9353758,H-rich,TSPEC_20210702
WISE-ToI-316,318.7089381,57.2759964,H-rich,TSPEC_20210916
WISE-ToI-317,318.9482533,49.546454,RVT/YSO,TSPEC_20211129
WISE-ToI-318,319.5077922,55.3917313,H-rich,TSPEC_20210625
WISE-ToI-319,320.8408805,58.3218231,H-rich,TSPEC_20201029
WISE-ToI-320,322.0225544,49.6833822,Em. star,TSPEC_20201029
WISE-ToI-321,328.1280537,57.1220046,RVT/YSO,TSPEC_20211129
WISE-ToI-323,336.7689193,-16.9967779,RCB-cand,TSPEC_20210915
WISE-ToI-324,336.9430697,62.6805875,RVT/YSO,TSPEC_20210915
WISE-ToI-325,342.8903589,63.4140909,RVT/YSO,TSPEC_20210915
WISE-ToI-326,343.9027628,58.3893956,H-rich,TSPEC_20200203
WISE-ToI-327,350.5434171,62.0091534,H-rich,TSPEC_20200203
WISE-ToI-328,357.4091059,63.3583965,H-rich,TSPEC_20211015
WISE-ToI-329,358.4865062,60.5127473,RVT/YSO,TSPEC_20210915
WISE-ToI-1001,1.5713216,61.5660457,C-star,TSPEC_20191023
WISE-ToI-1006,12.5660767,65.036258,C-star,TSPEC_20191023
WISE-ToI-1007,13.9202607,67.5754215,C-star,TSPEC_20191023
WISE-ToI-1008,14.6096235,54.1608933,C-star,TSPEC_20191023
WISE-ToI-1010,19.0570344,64.1422999,C-star,TSPEC_20191023
WISE-ToI-1011,19.3902612,63.3682556,C-star,TSPEC_20200203
WISE-ToI-1012,29.7912407,58.2376485,C-star,TSPEC_20191023
WISE-ToI-1013,35.2996922,63.6050917,C-star,TSPEC_20191023
WISE-ToI-1014,38.5219488,37.5646504,C-star,TSPEC_20191023
WISE-ToI-1015,39.0281014,63.419752,Symb?,TSPEC_20191023
WISE-ToI-1016,44.3115362,56.1213344,C-star,TSPEC_20191023
WISE-ToI-1017,53.378179,60.8070583,C-star,TSPEC_20191023
WISE-ToI-1019,55.2080396,49.6982411,C-star,TSPEC_20191023
WISE-ToI-1021,64.9676705,51.7409133,C-star,TSPEC_20191023
WISE-ToI-1022,65.2129796,58.8164897,Symb?,TSPEC_20191023
WISE-ToI-1027,79.6114865,46.513004,C-star,TSPEC_20191023
WISE-ToI-1028,82.4724483,46.4813627,C-star,TSPEC_20191023
WISE-ToI-1030,87.9435659,35.3719985,C-star,TSPEC_20191023
WISE-ToI-1031,89.2108955,48.5790699,C-star,TSPEC_20191023
WISE-ToI-1032,90.7673176,31.4475613,C-star,TSPEC_20191023
WISE-ToI-1035,95.5889266,16.573353,C-star,TSPEC_20200203
WISE-ToI-1036,95.6207964,9.2301796,C-star,TSPEC_20191023
WISE-ToI-1038,100.3913113,-8.1078568,C-star,TSPEC_20191023
WISE-ToI-1039,101.2754948,-8.4721368,C-star,TSPEC_20191023
WISE-ToI-1043,106.3907707,-1.2691261,C-star,TSPEC_20191023
WISE-ToI-1045,106.9566831,-15.8814692,C-star,TSPEC_20191023
WISE-ToI-1055,112.2277095,-22.7170095,C-star,TSPEC_20191023
WISE-ToI-1189,241.7549882,-14.5795937,C-star,TSPEC_20240517
WISE-ToI-1213,256.4700549,-16.5712545,RCB,IRTF_20200628
WISE-ToI-1215,257.6174714,-25.7983863,C-star,IRTF_20200628
WISE-ToI-1225,264.4044636,-7.4744911,RCB,TSPEC_20191022
WISE-ToI-1227,264.582553,-20.60893,RCB,TSPEC_20211028
WISE-ToI-1233,265.9526632,-23.8176,M-star,TSPEC_20210629
WISE-ToI-1245,269.3542924,-23.0740224,RCB,TSPEC_20210429
WISE-ToI-1248,270.0879709,-23.3674892,RCB,TSPEC_20240517
WISE-ToI-1257,273.5002452,-13.7151122,RCB-cand,TSPEC_20201003
WISE-ToI-1259,273.9600275,-20.9138057,M-star,TSPEC_20210429
WISE-ToI-1261,274.4338721,-25.4767354,C-star,TSPEC_20210702
WISE-ToI-1269,276.8474434,-20.141719,RCB,TSPEC_20240517
WISE-ToI-1275,278.1087248,-7.6006051,M-star,TSPEC_20201003
WISE-ToI-1279,278.698687,-18.6492663,C-star,TSPEC_20210702
WISE-ToI-1281,279.2083391,-9.7750533,C-star,TSPEC_20210629
WISE-ToI-1286,279.5613584,-17.5256558,C-star,TSPEC_20191023
WISE-ToI-1294,280.6214949,-0.3622564,M-star,TSPEC_20191023
WISE-ToI-1309,284.3600382,13.8192983,RCB,IRTF_20200628
WISE-ToI-1372,296.3851686,28.7466257,Symb?,TSPEC_20191023
WISE-ToI-1386,298.5109437,12.01259,Symb?,TSPEC_20191023
WISE-ToI-1389,299.2818326,30.5377802,Em. star,TSPEC_20210629
WISE-ToI-1390,299.2989989,31.8404214,Symb?,TSPEC_20210429
WISE-ToI-1406,303.1142759,40.73222,C-star,TSPEC_20240517
WISE-ToI-1420,309.6079478,51.6946402,RCB,TSPEC_20230113
WISE-ToI-1425,311.5430584,43.1035652,C-star,TSPEC_20200929
WISE-ToI-1440,328.6736286,57.8739432,Symb?,TSPEC_20211129
WISE-ToI-1444,333.9953816,42.3795001,RCB,TSPEC_20201029
WISE-ToI-1446,338.823409,59.6368774,RCB,TSPEC_20210204
WISE-ToI-1451,350.1448316,62.1364602,C-star,TSPEC_20200203
WISE-ToI-1456,359.0446005,72.3383264,Symb?,TSPEC_20191023
WISE-ToI-2015,48.1784911,43.4137855,M-star,TSPEC_20200904
WISE-ToI-2016,50.9582677,64.9463705,M-star,TSPEC_20200904
WISE-ToI-2020,56.8802979,58.4695843,H-rich,TSPEC_20191023
WISE-ToI-2023,69.0832237,52.2365894,M-star,TSPEC_20210629
WISE-ToI-2029,81.955515,6.7774265,M-star,TSPEC_20211028
WISE-ToI-2033,89.1411648,30.3876511,M-star,TSPEC_20210330
WISE-ToI-2037,91.4640191,-15.6541097,RVT/YSO,TSPEC_20210330
WISE-ToI-2042,97.5689274,-16.4937602,RVT/YSO,TSPEC_20201029
WISE-ToI-2046,100.6789459,-11.6569536,H-rich,TSPEC_20191023
WISE-ToI-2060,111.0797482,9.2088993,RVT/YSO,TSPEC_20210330
WISE-ToI-2271,237.1606186,-16.19475,M-star,TSPEC_20201222
WISE-ToI-2279,239.1238689,9.0304397,M-star,IRTF_20210721
WISE-ToI-2382,258.1999541,-25.1850752,M-star,TSPEC_20210629
WISE-ToI-2395,259.5958931,-24.6373459,M-star,TSPEC_20210429
WISE-ToI-2405,260.225509,-15.8066996,M-star,TSPEC_20210702
WISE-ToI-2416,261.0217657,-25.285023,M-star,TSPEC_20210629
WISE-ToI-2430,262.1013249,-19.2240539,M-star,TSPEC_20210702
WISE-ToI-2431,262.2125932,-17.8880228,M-star,TSPEC_20210702
WISE-ToI-2432,262.4570265,-25.4136076,M-star,TSPEC_20210702
WISE-ToI-2434,262.7476911,-14.1247607,M-star,TSPEC_20210629
WISE-ToI-2437,263.0712316,-26.8071033,M-star,TSPEC_20210629
WISE-ToI-2440,263.3539971,-23.4748444,M-star,TSPEC_20211015
WISE-ToI-2444,263.5883309,-23.4896061,M-star,IRTF_20210721
WISE-ToI-2451,263.9660378,-21.8307802,M-star,TSPEC_20201003
WISE-ToI-2467,264.7084274,-21.2407765,M-star,IRTF_20210721
WISE-ToI-2468,264.7641872,-17.1334745,M-star,IRTF_20210721
WISE-ToI-2476,265.1439906,-18.0671228,M-star,IRTF_20210721
WISE-ToI-2477,265.1665893,-14.7931794,H-rich,TSPEC_20210629
WISE-ToI-2479,265.3301349,-18.0976574,M-star,TSPEC_20210629
WISE-ToI-2480,265.3731844,-21.9858394,M-star,IRTF_20210721
WISE-ToI-2482,265.4389244,-24.8076024,M-star,IRTF_20210721
WISE-ToI-2492,265.8963606,-22.5188923,M-star,IRTF_20210721
WISE-ToI-2495,266.1185311,-25.1635021,M-star,TSPEC_20210629
WISE-ToI-2497,266.1880375,-23.8776497,M-star,IRTF_20210721
WISE-ToI-2498,266.3218819,-17.9178191,M-star,IRTF_20210721
WISE-ToI-2505,266.665281,-24.2447747,M-star,IRTF_20210721
WISE-ToI-2508,266.8035519,-18.8364456,M-star,IRTF_20210721
WISE-ToI-2512,267.1462582,-13.0411785,M-star,TSPEC_20211015
WISE-ToI-2517,267.3058364,-21.5506081,M-star,TSPEC_20210915
WISE-ToI-2528,268.0786388,-21.6667121,M-star,IRTF_20210721
WISE-ToI-2532,268.1986285,-21.5998977,M-star,IRTF_20210721
WISE-ToI-2535,268.2849412,-25.2184756,M-star,TSPEC_20210429
WISE-ToI-2536,268.3044526,-25.9101768,M-star,IRTF_20210722
WISE-ToI-2538,268.3546637,-22.0386703,M-star,TSPEC_20201003
WISE-ToI-2547,268.6632758,-20.5840159,M-star,TSPEC_20210727
WISE-ToI-2550,268.7534507,-15.8830533,M-star,TSPEC_20201003
WISE-ToI-2554,268.8594863,-21.7039239,M-star,TSPEC_20201003
WISE-ToI-2556,269.1731102,-27.8630484,M-star,TSPEC_20210915
WISE-ToI-2569,269.9018211,-16.5132364,M-star,TSPEC_20201003
WISE-ToI-2573,269.9287825,-17.8166115,M-star,TSPEC_20210528
WISE-ToI-2575,270.0325883,-27.7371498,M-star,IRTF_20210722
WISE-ToI-2582,270.5445719,-13.6694944,M-star,TSPEC_20201003
WISE-ToI-2586,270.6192466,-15.7652896,Symb?,TSPEC_20201003
WISE-ToI-2595,270.8644875,-16.5146899,M-star,TSPEC_20201003
WISE-ToI-2599,271.1833568,-26.7738037,M-star,IRTF_20210722
WISE-ToI-2607,271.6233719,-25.1558973,M-star,TSPEC_20210629
WISE-ToI-2608,271.6562768,-26.9219461,M-star,TSPEC_20240517
WISE-ToI-2618,271.9379192,-27.4987199,M-star,TSPEC_20240517
WISE-ToI-2619,272.0646754,-10.03844,M-star,TSPEC_20201003
WISE-ToI-2622,272.1027259,-27.7494296,M-star,TSPEC_20211015
WISE-ToI-2634,272.7702003,-27.4078024,M-star,IRTF_20210722
WISE-ToI-2638,272.876291,-18.5280196,M-star,TSPEC_20201003
WISE-ToI-2641,273.0518519,-26.1340033,M-star,TSPEC_20240517
WISE-ToI-2645,273.2187521,-23.5512407,RCB,TSPEC_20211028
WISE-ToI-2648,273.4246285,-22.4749933,M-star,TSPEC_20211015
WISE-ToI-2650,273.537839,-22.3477911,M-star,TSPEC_20210915
WISE-ToI-2651,273.5896442,-16.5050071,M-star,TSPEC_20210727
WISE-ToI-2653,273.6705974,-21.8247674,M-star,TSPEC_20201003
WISE-ToI-2655,273.8629681,-18.9554841,M-star,IRTF_20210724
WISE-ToI-2665,274.5103242,-18.7798622,H-rich,TSPEC_20210629
WISE-ToI-2668,274.5662544,-25.1204592,M-star,IRTF_20210722
WISE-ToI-2671,274.8069793,2.2432568,M-star,TSPEC_20210727
WISE-ToI-2673,274.8617058,-26.6978619,M-star,IRTF_20210722
WISE-ToI-2677,274.9427769,-23.8682812,M-star,IRTF_20210722
WISE-ToI-2679,274.9886711,-4.6149241,M-star,TSPEC_20191023
WISE-ToI-2688,275.3507852,2.4839688,M-star,IRTF_20210722
WISE-ToI-2694,275.8326743,-14.1094068,M-star,TSPEC_20191023
WISE-ToI-2696,275.8463087,-26.6250916,M-star,TSPEC_20210915
WISE-ToI-2698,276.1714873,-15.5425722,H-rich,TSPEC_20211015
WISE-ToI-2701,276.3992416,-11.7578629,M-star,TSPEC_20210629
WISE-ToI-2703,276.5284135,7.1425947,M-star,IRTF_20210722
WISE-ToI-2706,276.816597,-25.1994733,M-star,TSPEC_20210915
WISE-ToI-2710,277.0001371,-25.8728218,M-star,TSPEC_20210915
WISE-ToI-2713,277.2730555,-5.4919646,M-star,TSPEC_20191023
WISE-ToI-2714,277.3056885,-5.7146875,M-star,TSPEC_20210727
WISE-ToI-2716,277.3646088,-9.0822847,M-star,TSPEC_20201003
WISE-ToI-2717,277.4069105,-17.8678903,M-star,TSPEC_20201003
WISE-ToI-2718,277.5251568,-18.028437,M-star,TSPEC_20201003
WISE-ToI-2721,277.6535321,-21.5664749,M-star,TSPEC_20201003
WISE-ToI-2722,277.6856723,-10.1325731,Em. star,TSPEC_20201003
WISE-ToI-2733,278.3824062,-7.3570488,M-star,TSPEC_20201003
WISE-ToI-2737,278.5961709,-26.9086842,M-star,TSPEC_20210915
WISE-ToI-2742,278.8495867,-17.8154025,M-star,TSPEC_20191023
WISE-ToI-2748,279.1113947,-14.3879922,M-star,IRTF_20210724
WISE-ToI-2754,279.5474833,-10.8741809,M-star,TSPEC_20210915
WISE-ToI-2759,279.8171388,-16.0813531,M-star,IRTF_20210724
WISE-ToI-2760,279.8820552,0.0827119,M-star,TSPEC_20210629
WISE-ToI-2762,280.2918192,5.6101703,M-star,TSPEC_20191023
WISE-ToI-2766,280.6520065,2.8435492,M-star,TSPEC_20210915
WISE-ToI-2774,281.1292033,-14.4495197,M-star,TSPEC_20191023
WISE-ToI-2779,281.6833915,-6.1771145,M-star,IRTF_20210727
WISE-ToI-2781,281.7134998,15.2933151,M-star,TSPEC_20191023
WISE-ToI-2786,282.1011829,-15.977605,M-star,TSPEC_20210429
WISE-ToI-2787,282.1404102,-4.2732241,M-star,TSPEC_20210528
WISE-ToI-2788,282.2040842,5.28604,H-rich,TSPEC_20201003
WISE-ToI-2796,282.9623796,9.4088221,H-rich,TSPEC_20191023
WISE-ToI-2798,283.0764506,-26.4657686,M-star,TSPEC_20210915
WISE-ToI-2799,283.2306933,-2.8230961,Symb?,TSPEC_20210915
WISE-ToI-2800,283.2805736,-11.9253498,M-star,TSPEC_20210429
WISE-ToI-2801,283.3181796,-27.2313085,M-star,TSPEC_20210915
WISE-ToI-2803,283.3838722,11.750421,M-star,TSPEC_20191023
WISE-ToI-2808,283.8489907,-11.1703087,M-star,TSPEC_20210915
WISE-ToI-2813,284.1052557,-3.9086679,M-star,IRTF_20210727
WISE-ToI-2814,284.2417664,-10.6073496,RVT/YSO,TSPEC_20210629
WISE-ToI-2822,285.0050168,11.7079395,H-rich,TSPEC_20191023
WISE-ToI-2825,285.3360215,0.0759249,M-star,TSPEC_20191023
WISE-ToI-2832,286.2157942,2.9050046,M-star,TSPEC_20191023
WISE-ToI-2833,286.2273244,10.5350501,H-rich,TSPEC_20201003
WISE-ToI-2835,286.6294707,9.9548038,M-star,IRTF_20210727
WISE-ToI-2843,287.0766192,1.774292,M-star,IRTF_20210727
WISE-ToI-2844,287.1636217,-3.9143203,H-rich,TSPEC_20191023
WISE-ToI-2845,287.1709444,10.0359287,RVT/YSO,IRTF_20210727
WISE-ToI-2846,287.1863539,13.710715,M-star,TSPEC_20201003
WISE-ToI-2849,287.4676926,-6.2563977,M-star,TSPEC_20191023
WISE-ToI-2853,288.4014329,-1.9167583,H-rich,TSPEC_20191023
WISE-ToI-2856,288.7798277,-1.7132449,Symb?,TSPEC_20210915
WISE-ToI-2859,289.1137426,12.5909801,M-star,TSPEC_20201003
WISE-ToI-2860,289.220707,7.2906979,M-star,TSPEC_20201003
WISE-ToI-2864,289.3169734,-12.5212723,H-rich,TSPEC_20210629
WISE-ToI-2865,289.7301865,29.1467972,M-star,TSPEC_20211015
WISE-ToI-2868,290.2716433,10.6121891,M-star,TSPEC_20201003
WISE-ToI-2871,290.4820728,18.8180593,M-star,IRTF_20210727
WISE-ToI-2874,290.7832392,-1.460521,H-rich,TSPEC_20191023
WISE-ToI-2875,290.8531049,5.5453965,M-star,TSPEC_20211015
WISE-ToI-2876,291.3600351,12.3037587,M-star,IRTF_20210727
WISE-ToI-2877,291.3656644,23.5975906,M-star,TSPEC_20191023
WISE-ToI-2887,292.5645781,19.3477017,Em. star,TSPEC_20211129
WISE-ToI-2889,292.82132,20.3221278,M-star,TSPEC_20240517
WISE-ToI-2892,293.8102129,19.615542,H-rich,IRTF_20210727
WISE-ToI-2894,294.4468843,23.6827276,M-star,TSPEC_20191023
WISE-ToI-2896,295.1753431,1.0169208,Symb?,TSPEC_20210915
WISE-ToI-2898,295.4598314,23.3829778,M-star,TSPEC_20191023
WISE-ToI-2904,296.490374,-1.8444947,Symb?,TSPEC_20210915
WISE-ToI-2910,297.5343718,34.1660023,H-rich,TSPEC_20201029
WISE-ToI-2914,299.3234382,28.1887125,Em. star,TSPEC_20201003
WISE-ToI-2915,299.4300712,30.6118088,M-star,TSPEC_20240517
WISE-ToI-2917,299.537772,22.7620106,M-star,IRTF_20210727
WISE-ToI-2919,299.9255081,28.5389472,Em. star,TSPEC_20201003
WISE-ToI-2923,301.0430463,31.8471229,RVT/YSO,TSPEC_20200929
WISE-ToI-2929,303.5664572,39.2967118,M-star,TSPEC_20200929
WISE-ToI-2930,303.7459128,34.7738504,RVT/YSO,TSPEC_20200929
WISE-ToI-2938,306.3095039,47.4587681,RCB,TSPEC_20200929
WISE-ToI-2939,307.0924899,37.6777866,H-rich,TSPEC_20210702
WISE-ToI-2940,307.1501714,11.3921393,M-star,IRTF_20210727
WISE-ToI-2942,307.4848005,54.1831543,H-rich,IRTF_20200628
WISE-ToI-2943,307.6188259,18.1076074,M-star,IRTF_20210727
WISE-ToI-2954,310.89897,44.8622843,Em. star,TSPEC_20200929
WISE-ToI-2964,324.8627793,57.4777875,RVT/YSO,TSPEC_20210916
WISE-ToI-2985,356.6067473,56.6656804,M-star,IRTF_20200923
WISE-ToI-3012,98.2237658,17.3789892,RVT/YSO,TSPEC_20230113
WISE-ToI-4002,26.910456,60.6992399,Em. star,TSPEC_20191023
WISE-ToI-4003,33.7017618,62.4395354,Em. star,TSPEC_20210916
WISE-ToI-4006,50.1645313,56.3994803,Em. star,TSPEC_20210916
WISE-ToI-4007,50.6317054,0.529994,M-star,TSPEC_20210916
WISE-ToI-4009,57.7675084,58.7069572,M-star,TSPEC_20200904
WISE-ToI-4010,65.1985224,57.4413213,H-rich,TSPEC_20211028
WISE-ToI-4011,71.7780842,26.1793695,H-rich,TSPEC_20211028
WISE-ToI-4012,73.8761731,3.0745156,M-star,TSPEC_20211028
WISE-ToI-4013,75.3346357,43.5474486,Em. star,TSPEC_20200904
WISE-ToI-4014,80.0729675,39.2827104,RVT/YSO,TSPEC_20210330
WISE-ToI-4015,81.9283142,-8.3273543,H-rich,TSPEC_20211028
WISE-ToI-4016,83.8619146,-5.1854529,H-rich,IRTF_20200923
WISE-ToI-4018,92.4916502,9.8755318,RVT/YSO,IRTF_20200923
WISE-ToI-4019,93.5001846,27.703384,H-rich,TSPEC_20210330
WISE-ToI-4020,94.5682316,-17.0429586,H-rich,TSPEC_20191023
WISE-ToI-4021,95.0890835,35.3725077,M-star,TSPEC_20191023
WISE-ToI-4022,98.6168183,-5.0619271,M-star,TSPEC_20210330
WISE-ToI-4025,100.2690375,9.9121971,RVT/YSO,TSPEC_20201029
WISE-ToI-4026,101.1569612,1.3257247,Em. star,TSPEC_20210330
WISE-ToI-4027,102.8660455,-1.371101,H-rich,TSPEC_20201029
WISE-ToI-4028,105.9152006,10.7703622,H-rich,TSPEC_20210330
WISE-ToI-4029,111.4836862,-14.1788133,RVT/YSO,TSPEC_20210330
WISE-ToI-4031,117.2486502,-2.8765227,RVT/YSO,TSPEC_20201222
WISE-ToI-4042,149.137151,-10.0216394,M-star,TSPEC_20210330
WISE-ToI-4057,179.8295072,-27.150847,M-star,TSPEC_20201222
WISE-ToI-4095,262.8540602,-23.9628474,H-rich,TSPEC_20240517
WISE-ToI-4101,269.0886099,-21.9561828,Em. star,TSPEC_20211028
WISE-ToI-4103,271.3943049,65.9559982,Symb?,TSPEC_20211015
WISE-ToI-4107,273.5322249,-27.8254869,H-rich,TSPEC_20211015
WISE-ToI-4108,274.2785063,-23.9642563,RCB,TSPEC_20211028
WISE-ToI-4109,274.5759575,-23.472146,H-rich,TSPEC_20201003
WISE-ToI-4110,275.1859813,-27.2636341,M-star,TSPEC_20210629
WISE-ToI-4111,275.8246336,64.3435353,Symb?,TSPEC_20240517
WISE-ToI-4113,277.9004455,54.7919672,RVT/YSO,TSPEC_20210916
WISE-ToI-4114,278.209586,-25.3005515,M-star,TSPEC_20211015
WISE-ToI-4115,278.5527056,-0.4393937,Em. star,TSPEC_20201003
WISE-ToI-4116,278.5675652,-17.6038895,Em. star,TSPEC_20201003
WISE-ToI-4117,279.1302359,-20.9875529,RCB,TSPEC_20200904
WISE-ToI-4120,281.7366674,-2.1027334,RVT/YSO,IRTF_20210724
WISE-ToI-4121,282.2807117,13.21502,RVT/YSO,TSPEC_20211015
WISE-ToI-4122,282.53759,-5.2511769,Em. star,TSPEC_20211015
WISE-ToI-4124,286.2677104,13.762075,M-star,TSPEC_20210629
WISE-ToI-4125,287.4301073,11.0875544,Em. star,IRTF_20210727
WISE-ToI-4126,288.7549077,3.8117836,H-rich,IRTF_20210727
WISE-ToI-4127,289.5946421,-2.7030528,RVT/YSO,TSPEC_20211015
WISE-ToI-4129,290.5290135,28.6682779,H-rich,TSPEC_20210629
WISE-ToI-4130,291.637249,-11.6313461,M-star,TSPEC_20211015
WISE-ToI-4132,293.1664717,24.2822704,M-star,TSPEC_20210702
WISE-ToI-4135,293.4333612,19.3798726,Other,IRTF_20210727
WISE-ToI-4137,294.8737228,8.6077726,H-rich,TSPEC_20210629
WISE-ToI-4139,295.7205038,37.6782233,H-rich,TSPEC_20201029
WISE-ToI-4141,296.808876,19.4881533,H-rich,TSPEC_20201029
WISE-ToI-4142,297.2247734,43.0373746,RVT/YSO,IRTF_20210727
WISE-ToI-4143,297.3934211,21.0209822,RVT/YSO,IRTF_20210727
WISE-ToI-4146,299.3203316,-11.2379169,M-star,TSPEC_20211015
WISE-ToI-4149,300.7604477,5.737935,Em. star,TSPEC_20210916
WISE-ToI-4152,302.725807,38.3025912,Em. star,TSPEC_20240517
WISE-ToI-4153,302.98327,20.3343563,Other,TSPEC_20200929
WISE-ToI-4154,303.5155259,16.7264004,RVT/YSO,IRTF_20210727
WISE-ToI-4155,304.636782,34.3886567,M-star,TSPEC_20210916
WISE-ToI-4156,309.133678,26.6038984,H-rich,TSPEC_20210916
WISE-ToI-4157,309.6911223,42.11797,Em. star,IRTF_20210724
WISE-ToI-4158,310.4735468,46.8221555,RVT/YSO,IRTF_20210727
WISE-ToI-4160,311.9423473,19.335516,M-star,TSPEC_20240517
WISE-ToI-4162,312.7331454,49.0107408,RVT/YSO,IRTF_20210727
WISE-ToI-4163,314.6518299,50.5519987,Symb?,TSPEC_20201003
WISE-ToI-4164,321.0009879,18.2787955,H-rich,IRTF_20201015
WISE-ToI-4165,321.4333533,45.5425272,M-star,TSPEC_20210916
WISE-ToI-4166,324.1072332,50.6390205,RVT/YSO,TSPEC_20210916
WISE-ToI-4168,329.2618289,48.380523,H-rich,TSPEC_20210916
WISE-ToI-4169,333.2188373,43.7502285,H-rich,IRTF_20201015
WISE-ToI-4170,337.1940896,50.5700397,H-rich,IRTF_20201015
WISE-ToI-4171,337.2537283,40.3154199,M-star,TSPEC_20210204
WISE-ToI-4172,339.3043845,39.8739518,RVT/YSO,TSPEC_20210916
WISE-ToI-4173,340.6742691,60.4001637,Em. star,IRTF_20210727
WISE-ToI-4175,350.1566953,39.6207204,M-star,TSPEC_20210204
